watermark_method,project,language,seed_group,rng_seed,method_config,response_points,evaluated_points,parameter_runs,Pass,BE,TE,RE,Excluded,point_pooled_pass_rate,pass_strength_mean,pass_strength_median,pass_strength_q1,pass_strength_q3,pass_strength_iqr,run_balanced_pass_rate,run_balanced_mean_pass_strength,runs_with_pass
codeip,brick_breaker,cpp,,3047071552,brick_breaker_game_codeip_T=0.7_rngS=3047071552_gamma=3_mode=random_messageLen=20_encodeRatio=10.0_topK=1000,27,27,1,0,27,0,0,0,0.0,,,,,,0.0,,0
codeip,brick_breaker,java,,3224345906,brick_breaker_game_codeip_T=0.7_rngS=3224345906_gamma=3_mode=random_messageLen=20_encodeRatio=10.0_topK=1000,23,23,1,1,22,0,0,0,0.043478,4.2,4.2,4.2,4.2,0.0,0.043478,4.2,1
codeip,brick_breaker,python,1082524405,1082524405,brick_breaker_game_codeip_T=0.7_rngS=1082524405_gamma=3_mode=random_messageLen=20_encodeRatio=10.0_topK=1000,20,20,1,5,0,15,0,0,0.25,0.98,0.9,0.5,1.6,1.1,0.25,0.98,1
codeip,brick_breaker,python,4058173393,4058173393,brick_breaker_game_codeip_T=0.7_rngS=4058173393_gamma=3_mode=random_messageLen=20_encodeRatio=10.0_topK=1000,25,25,1,13,0,12,0,0,0.52,2.161538,2.4,0.7,2.9,2.2,0.52,2.161538,1
codeip,caro,cpp,,3627467929,caro_game_codeip_T=0.7_rngS=3627467929_gamma=3_mode=random_messageLen=20_encodeRatio=10.0_topK=1000,23,23,1,9,14,0,0,0,0.391304,1.277778,1.4,0.6,1.7,1.1,0.391304,1.277778,1
codeip,caro,java,,2285465881,caro_game_codeip_T=0.7_rngS=2285465881_gamma=3_mode=random_messageLen=20_encodeRatio=10.0_topK=1000,24,24,1,10,10,0,4,0,0.416667,2.17,1.9,1.1,3.15,2.05,0.416667,2.17,1
codeip,caro,python,1598859076,1598859076,caro_game_codeip_T=0.7_rngS=1598859076_gamma=3_mode=random_messageLen=20_encodeRatio=10.0_topK=1000,26,26,1,4,1,20,1,0,0.153846,2.05,1.85,1.6,2.3,0.7,0.153846,2.05,1
codeip,flappy_bird,cpp,,95729506,flappy_bird_game_codeip_T=0.7_rngS=95729506_gamma=3_mode=random_messageLen=20_encodeRatio=10.0_topK=1000,23,23,1,0,23,0,0,0,0.0,,,,,,0.0,,0
codeip,flappy_bird,java,,1385953100,flappy_bird_game_codeip_T=0.7_rngS=1385953100_gamma=3_mode=random_messageLen=20_encodeRatio=10.0_topK=1000,17,17,1,3,14,0,0,0,0.176471,1.833333,1.5,1.1,2.4,1.3,0.176471,1.833333,1
codeip,flappy_bird,python,,1716196616,flappy_bird_game_codeip_T=0.7_rngS=1716196616_gamma=3_mode=random_messageLen=20_encodeRatio=10.0_topK=1000,11,11,1,0,0,11,0,0,0.0,,,,,,0.0,,0
codeip,snake,cpp,,3908348467,snake_game_codeip_T=0.7_rngS=3908348467_gamma=3_mode=random_messageLen=20_encodeRatio=10.0_topK=1000,27,27,1,0,27,0,0,0,0.0,,,,,,0.0,,0
codeip,snake,java,,384552130,snake_game_codeip_T=0.7_rngS=384552130_gamma=3_mode=random_messageLen=20_encodeRatio=10.0_topK=1000,24,24,1,1,23,0,0,0,0.041667,2.7,2.7,2.7,2.7,0.0,0.041667,2.7,1
codeip,snake,python,,2012703279,python_snake_game_codeip_T=0.7_rngS=2012703279_gamma=3_mode=random_messageLen=20_encodeRatio=10.0_topK=1000,24,24,1,1,1,22,0,0,0.041667,0.1,0.1,0.1,0.1,0.0,0.041667,0.1,1
codeip,tank_battle,cpp,,1297660533,tank_battle_game_codeip_T=0.7_rngS=1297660533_gamma=3_mode=random_messageLen=20_encodeRatio=10.0_topK=1000,15,15,1,6,9,0,0,0,0.4,0.866667,1.0,0.6,1.175,0.575,0.4,0.866667,1
codeip,tank_battle,java,,2107680757,tank_battle_game_codeip_T=0.7_rngS=2107680757_gamma=3_mode=random_messageLen=20_encodeRatio=10.0_topK=1000,30,30,1,1,29,0,0,0,0.033333,0.9,0.9,0.9,0.9,0.0,0.033333,0.9,1
codeip,tank_battle,python,,1210046855,tank_battle_game_codeip_T=0.7_rngS=1210046855_gamma=3_mode=random_messageLen=20_encodeRatio=10.0_topK=1000,28,28,1,11,2,14,1,0,0.392857,2.054545,2.3,1.05,2.7,1.65,0.392857,2.054545,1
ewd,brick_breaker,cpp,,3047071552,brick_breaker_game_ewd_T=0.7_rngS=3047071552_gamma=0.5_hashKey=15485863_prefixLen=1,17,17,1,2,15,0,0,0,0.117647,0.15,0.15,0.125,0.175,0.05,0.117647,0.15,1
ewd,brick_breaker,cpp,,3047071552,brick_breaker_game_ewd_T=0.7_rngS=3047071552_gamma=0.5_hashKey=15485917_prefixLen=1,31,28,1,11,17,0,0,3,0.392857,3.309091,3.2,2.8,3.55,0.75,0.392857,3.309091,1
ewd,brick_breaker,cpp,,3047071552,brick_breaker_game_ewd_T=0.7_rngS=3047071552_gamma=0.5_hashKey=23873851_prefixLen=1,22,22,1,10,12,0,0,0,0.454545,1.29,0.75,0.325,2.325,2.0,0.454545,1.29,1
ewd,brick_breaker,cpp,,3047071552,brick_breaker_game_ewd_T=0.7_rngS=3047071552_gamma=0.5_hashKey=36728353_prefixLen=1,29,29,1,3,26,0,0,0,0.103448,0.2,0.2,0.15,0.25,0.1,0.103448,0.2,1
ewd,brick_breaker,cpp,,3047071552,brick_breaker_game_ewd_T=0.7_rngS=3047071552_gamma=0.5_hashKey=47646761_prefixLen=1,28,28,1,1,27,0,0,0,0.035714,1.0,1.0,1.0,1.0,0.0,0.035714,1.0,1
ewd,brick_breaker,cpp,,3047071552,brick_breaker_game_ewd_T=0.7_rngS=3047071552_gamma=0.5_hashKey=83782121_prefixLen=1,20,20,1,1,19,0,0,0,0.05,0.1,0.1,0.1,0.1,0.0,0.05,0.1,1
ewd,brick_breaker,java,,3224345906,brick_breaker_game_ewd_T=0.7_rngS=3224345906_gamma=0.5_hashKey=15485863_prefixLen=1,31,31,1,2,26,0,3,0,0.064516,3.05,3.05,2.375,3.725,1.35,0.064516,3.05,1
ewd,brick_breaker,java,,3224345906,brick_breaker_game_ewd_T=0.7_rngS=3224345906_gamma=0.5_hashKey=15485917_prefixLen=1,36,36,1,0,36,0,0,0,0.0,,,,,,0.0,,0
ewd,brick_breaker,java,,3224345906,brick_breaker_game_ewd_T=0.7_rngS=3224345906_gamma=0.5_hashKey=23873851_prefixLen=1,37,37,1,1,36,0,0,0,0.027027,0.2,0.2,0.2,0.2,0.0,0.027027,0.2,1
ewd,brick_breaker,java,,3224345906,brick_breaker_game_ewd_T=0.7_rngS=3224345906_gamma=0.5_hashKey=36728353_prefixLen=1,41,41,1,1,40,0,0,0,0.02439,2.6,2.6,2.6,2.6,0.0,0.02439,2.6,1
ewd,brick_breaker,java,,3224345906,brick_breaker_game_ewd_T=0.7_rngS=3224345906_gamma=0.5_hashKey=47646761_prefixLen=1,32,32,1,0,32,0,0,0,0.0,,,,,,0.0,,0
ewd,brick_breaker,java,,3224345906,brick_breaker_game_ewd_T=0.7_rngS=3224345906_gamma=0.5_hashKey=83782121_prefixLen=1,33,33,1,0,33,0,0,0,0.0,,,,,,0.0,,0
ewd,brick_breaker,python,1082524405,1082524405,brick_breaker_game_ewd_T=0.7_rngS=1082524405_gamma=0.5_hashKey=15485863_prefixLen=1,30,30,1,10,0,19,1,0,0.333333,0.76,0.55,0.325,1.25,0.925,0.333333,0.76,1
ewd,brick_breaker,python,1082524405,1082524405,brick_breaker_game_ewd_T=0.7_rngS=1082524405_gamma=0.5_hashKey=15485917_prefixLen=1,38,38,1,28,0,10,0,0,0.736842,2.15,1.85,1.025,3.425,2.4,0.736842,2.15,1
ewd,brick_breaker,python,1082524405,1082524405,brick_breaker_game_ewd_T=0.7_rngS=1082524405_gamma=0.5_hashKey=23873851_prefixLen=1,35,35,1,5,0,30,0,0,0.142857,0.56,0.3,0.2,0.4,0.2,0.142857,0.56,1
ewd,brick_breaker,python,1082524405,1082524405,brick_breaker_game_ewd_T=0.7_rngS=1082524405_gamma=0.5_hashKey=36728353_prefixLen=1,39,39,1,20,0,19,0,0,0.512821,1.695,1.75,0.575,2.725,2.15,0.512821,1.695,1
ewd,brick_breaker,python,1082524405,1082524405,brick_breaker_game_ewd_T=0.7_rngS=1082524405_gamma=0.5_hashKey=47646761_prefixLen=1,38,38,1,19,1,16,2,0,0.5,1.642105,1.9,0.55,2.6,2.05,0.5,1.642105,1
ewd,brick_breaker,python,1082524405,1082524405,brick_breaker_game_ewd_T=0.7_rngS=1082524405_gamma=0.5_hashKey=83782121_prefixLen=1,34,34,1,7,0,25,2,0,0.205882,1.185714,1.1,0.55,1.95,1.4,0.205882,1.185714,1
ewd,caro,cpp,,3627467929,caro_game_ewd_T=0.7_rngS=3627467929_gamma=0.5_hashKey=15485863_prefixLen=1,32,32,1,3,28,1,0,0,0.09375,0.2,0.2,0.15,0.25,0.1,0.09375,0.2,1
ewd,caro,cpp,,3627467929,caro_game_ewd_T=0.7_rngS=3627467929_gamma=0.5_hashKey=15485917_prefixLen=1,24,24,1,7,17,0,0,0,0.291667,1.371429,1.1,0.55,2.25,1.7,0.291667,1.371429,1
ewd,caro,cpp,,3627467929,caro_game_ewd_T=0.7_rngS=3627467929_gamma=0.5_hashKey=23873851_prefixLen=1,28,28,1,25,3,0,0,0,0.892857,2.312,2.1,1.3,3.4,2.1,0.892857,2.312,1
ewd,caro,cpp,,3627467929,caro_game_ewd_T=0.7_rngS=3627467929_gamma=0.5_hashKey=36728353_prefixLen=1,35,35,1,17,18,0,0,0,0.485714,1.688235,1.5,1.0,2.5,1.5,0.485714,1.688235,1
ewd,caro,cpp,,3627467929,caro_game_ewd_T=0.7_rngS=3627467929_gamma=0.5_hashKey=47646761_prefixLen=1,29,29,1,6,23,0,0,0,0.206897,0.583333,0.65,0.375,0.775,0.4,0.206897,0.583333,1
ewd,caro,cpp,,3627467929,caro_game_ewd_T=0.7_rngS=3627467929_gamma=0.5_hashKey=83782121_prefixLen=1,23,23,1,4,19,0,0,0,0.173913,0.45,0.45,0.375,0.525,0.15,0.173913,0.45,1
ewd,caro,java,,2285465881,caro_game_ewd_T=0.7_rngS=2285465881_gamma=0.5_hashKey=15485863_prefixLen=1,32,31,1,19,11,0,1,1,0.612903,1.642105,1.2,0.65,2.65,2.0,0.612903,1.642105,1
ewd,caro,java,,2285465881,caro_game_ewd_T=0.7_rngS=2285465881_gamma=0.5_hashKey=15485917_prefixLen=1,27,27,1,15,8,2,2,0,0.555556,1.793333,1.6,0.9,2.6,1.7,0.555556,1.793333,1
ewd,caro,java,,2285465881,caro_game_ewd_T=0.7_rngS=2285465881_gamma=0.5_hashKey=23873851_prefixLen=1,30,29,1,9,16,1,3,1,0.310345,1.133333,0.8,0.6,1.7,1.1,0.310345,1.133333,1
ewd,caro,java,,2285465881,caro_game_ewd_T=0.7_rngS=2285465881_gamma=0.5_hashKey=36728353_prefixLen=1,36,36,1,14,16,1,5,0,0.388889,2.592857,2.8,2.1,3.35,1.25,0.388889,2.592857,1
ewd,caro,java,,2285465881,caro_game_ewd_T=0.7_rngS=2285465881_gamma=0.5_hashKey=47646761_prefixLen=1,31,30,1,0,28,0,2,1,0.0,,,,,,0.0,,0
ewd,caro,java,,2285465881,caro_game_ewd_T=0.7_rngS=2285465881_gamma=0.5_hashKey=83782121_prefixLen=1,32,32,1,11,21,0,0,0,0.34375,1.827273,1.7,1.15,2.55,1.4,0.34375,1.827273,1
ewd,caro,python,1598859076,1598859076,caro_game_ewd_T=0.7_rngS=1598859076_gamma=0.5_hashKey=15485863_prefixLen=1,39,39,1,6,1,31,1,0,0.153846,2.0,2.3,1.3,2.625,1.325,0.153846,2.0,1
ewd,caro,python,1598859076,1598859076,caro_game_ewd_T=0.7_rngS=1598859076_gamma=0.5_hashKey=15485917_prefixLen=1,43,43,1,17,2,24,0,0,0.395349,2.076471,2.2,0.9,2.9,2.0,0.395349,2.076471,1
ewd,caro,python,1598859076,1598859076,caro_game_ewd_T=0.7_rngS=1598859076_gamma=0.5_hashKey=23873851_prefixLen=1,37,37,1,4,0,32,1,0,0.108108,1.6,1.75,1.225,2.125,0.9,0.108108,1.6,1
ewd,caro,python,1598859076,1598859076,caro_game_ewd_T=0.7_rngS=1598859076_gamma=0.5_hashKey=36728353_prefixLen=1,45,45,1,15,0,28,2,0,0.333333,1.553333,1.5,0.75,2.05,1.3,0.333333,1.553333,1
ewd,caro,python,1598859076,1598859076,caro_game_ewd_T=0.7_rngS=1598859076_gamma=0.5_hashKey=47646761_prefixLen=1,42,42,1,15,3,23,1,0,0.357143,2.226667,2.2,1.15,3.55,2.4,0.357143,2.226667,1
ewd,caro,python,1598859076,1598859076,caro_game_ewd_T=0.7_rngS=1598859076_gamma=0.5_hashKey=83782121_prefixLen=1,40,40,1,9,0,30,1,0,0.225,1.377778,1.4,0.6,1.7,1.1,0.225,1.377778,1
ewd,flappy_bird,cpp,,95729506,flappy_bird_game_ewd_T=0.7_rngS=95729506_gamma=0.5_hashKey=15485863_prefixLen=1,18,18,1,0,18,0,0,0,0.0,,,,,,0.0,,0
ewd,flappy_bird,cpp,,95729506,flappy_bird_game_ewd_T=0.7_rngS=95729506_gamma=0.5_hashKey=15485917_prefixLen=1,31,31,1,3,28,0,0,0,0.096774,3.7,3.2,3.15,4.0,0.85,0.096774,3.7,1
ewd,flappy_bird,cpp,,95729506,flappy_bird_game_ewd_T=0.7_rngS=95729506_gamma=0.5_hashKey=23873851_prefixLen=1,25,25,1,0,25,0,0,0,0.0,,,,,,0.0,,0
ewd,flappy_bird,cpp,,95729506,flappy_bird_game_ewd_T=0.7_rngS=95729506_gamma=0.5_hashKey=36728353_prefixLen=1,21,21,1,0,21,0,0,0,0.0,,,,,,0.0,,0
ewd,flappy_bird,cpp,,95729506,flappy_bird_game_ewd_T=0.7_rngS=95729506_gamma=0.5_hashKey=47646761_prefixLen=1,17,17,1,0,17,0,0,0,0.0,,,,,,0.0,,0
ewd,flappy_bird,cpp,,95729506,flappy_bird_game_ewd_T=0.7_rngS=95729506_gamma=0.5_hashKey=83782121_prefixLen=1,19,19,1,2,17,0,0,0,0.105263,0.5,0.5,0.45,0.55,0.1,0.105263,0.5,1
ewd,flappy_bird,java,,1385953100,flappy_bird_game_ewd_T=0.7_rngS=1385953100_gamma=0.5_hashKey=15485863_prefixLen=1,37,37,1,20,11,3,3,0,0.540541,2.295,2.25,1.575,3.025,1.45,0.540541,2.295,1
ewd,flappy_bird,java,,1385953100,flappy_bird_game_ewd_T=0.7_rngS=1385953100_gamma=0.5_hashKey=15485917_prefixLen=1,34,34,1,0,33,1,0,0,0.0,,,,,,0.0,,0
ewd,flappy_bird,java,,1385953100,flappy_bird_game_ewd_T=0.7_rngS=1385953100_gamma=0.5_hashKey=23873851_prefixLen=1,34,34,1,4,28,2,0,0,0.117647,0.95,0.65,0.45,1.15,0.7,0.117647,0.95,1
ewd,flappy_bird,java,,1385953100,flappy_bird_game_ewd_T=0.7_rngS=1385953100_gamma=0.5_hashKey=36728353_prefixLen=1,31,31,1,3,25,1,2,0,0.096774,2.566667,2.6,2.35,2.8,0.45,0.096774,2.566667,1
ewd,flappy_bird,java,,1385953100,flappy_bird_game_ewd_T=0.7_rngS=1385953100_gamma=0.5_hashKey=47646761_prefixLen=1,33,33,1,1,30,0,2,0,0.030303,0.2,0.2,0.2,0.2,0.0,0.030303,0.2,1
ewd,flappy_bird,java,,1385953100,flappy_bird_game_ewd_T=0.7_rngS=1385953100_gamma=0.5_hashKey=83782121_prefixLen=1,42,42,1,1,40,1,0,0,0.02381,3.3,3.3,3.3,3.3,0.0,0.02381,3.3,1
ewd,flappy_bird,python,,1716196616,flappy_bird_game_ewd_T=0.7_rngS=1716196616_gamma=0.5_hashKey=15485863_prefixLen=1,37,37,1,0,0,37,0,0,0.0,,,,,,0.0,,0
ewd,flappy_bird,python,,1716196616,flappy_bird_game_ewd_T=0.7_rngS=1716196616_gamma=0.5_hashKey=15485917_prefixLen=1,43,43,1,3,0,40,0,0,0.069767,2.233333,3.2,1.65,3.3,1.65,0.069767,2.233333,1
ewd,flappy_bird,python,,1716196616,flappy_bird_game_ewd_T=0.7_rngS=1716196616_gamma=0.5_hashKey=23873851_prefixLen=1,41,41,1,0,0,41,0,0,0.0,,,,,,0.0,,0
ewd,flappy_bird,python,,1716196616,flappy_bird_game_ewd_T=0.7_rngS=1716196616_gamma=0.5_hashKey=36728353_prefixLen=1,44,44,1,0,0,44,0,0,0.0,,,,,,0.0,,0
ewd,flappy_bird,python,,1716196616,flappy_bird_game_ewd_T=0.7_rngS=1716196616_gamma=0.5_hashKey=47646761_prefixLen=1,39,39,1,1,0,38,0,0,0.025641,2.3,2.3,2.3,2.3,0.0,0.025641,2.3,1
ewd,flappy_bird,python,,1716196616,flappy_bird_game_ewd_T=0.7_rngS=1716196616_gamma=0.5_hashKey=83782121_prefixLen=1,43,43,1,0,0,43,0,0,0.0,,,,,,0.0,,0
ewd,snake,cpp,,3908348467,snake_game_ewd_T=0.7_rngS=3908348467_gamma=0.5_hashKey=15485863_prefixLen=1,35,35,1,0,35,0,0,0,0.0,,,,,,0.0,,0
ewd,snake,cpp,,3908348467,snake_game_ewd_T=0.7_rngS=3908348467_gamma=0.5_hashKey=15485917_prefixLen=1,42,42,1,0,42,0,0,0,0.0,,,,,,0.0,,0
ewd,snake,cpp,,3908348467,snake_game_ewd_T=0.7_rngS=3908348467_gamma=0.5_hashKey=23873851_prefixLen=1,35,35,1,2,33,0,0,0,0.057143,2.05,2.05,1.925,2.175,0.25,0.057143,2.05,1
ewd,snake,cpp,,3908348467,snake_game_ewd_T=0.7_rngS=3908348467_gamma=0.5_hashKey=36728353_prefixLen=1,34,34,1,0,34,0,0,0,0.0,,,,,,0.0,,0
ewd,snake,cpp,,3908348467,snake_game_ewd_T=0.7_rngS=3908348467_gamma=0.5_hashKey=47646761_prefixLen=1,36,36,1,7,29,0,0,0,0.194444,1.928571,1.9,1.75,2.3,0.55,0.194444,1.928571,1
ewd,snake,cpp,,3908348467,snake_game_ewd_T=0.7_rngS=3908348467_gamma=0.5_hashKey=83782121_prefixLen=1,39,39,1,0,39,0,0,0,0.0,,,,,,0.0,,0
ewd,snake,java,,384552130,snake_game_ewd_T=0.7_rngS=384552130_gamma=0.5_hashKey=15485863_prefixLen=1,38,38,1,1,36,1,0,0,0.026316,4.0,4.0,4.0,4.0,0.0,0.026316,4.0,1
ewd,snake,java,,384552130,snake_game_ewd_T=0.7_rngS=384552130_gamma=0.5_hashKey=15485917_prefixLen=1,38,38,1,0,38,0,0,0,0.0,,,,,,0.0,,0
ewd,snake,java,,384552130,snake_game_ewd_T=0.7_rngS=384552130_gamma=0.5_hashKey=23873851_prefixLen=1,36,36,1,1,34,0,1,0,0.027778,3.9,3.9,3.9,3.9,0.0,0.027778,3.9,1
ewd,snake,java,,384552130,snake_game_ewd_T=0.7_rngS=384552130_gamma=0.5_hashKey=36728353_prefixLen=1,35,35,1,6,26,3,0,0,0.171429,1.85,1.85,0.75,3.025,2.275,0.171429,1.85,1
ewd,snake,java,,384552130,snake_game_ewd_T=0.7_rngS=384552130_gamma=0.5_hashKey=47646761_prefixLen=1,34,34,1,7,26,1,0,0,0.205882,2.085714,2.1,1.1,3.25,2.15,0.205882,2.085714,1
ewd,snake,java,,384552130,snake_game_ewd_T=0.7_rngS=384552130_gamma=0.5_hashKey=83782121_prefixLen=1,37,37,1,3,33,0,1,0,0.081081,0.433333,0.5,0.3,0.6,0.3,0.081081,0.433333,1
ewd,snake,python,,2012703279,python_snake_game_ewd_T=0.7_rngS=2012703279_gamma=0.5_hashKey=15485863_prefixLen=1,42,42,1,3,0,39,0,0,0.071429,1.133333,0.2,0.15,1.65,1.5,0.071429,1.133333,1
ewd,snake,python,,2012703279,python_snake_game_ewd_T=0.7_rngS=2012703279_gamma=0.5_hashKey=15485917_prefixLen=1,40,40,1,5,0,35,0,0,0.125,1.38,1.4,1.1,1.9,0.8,0.125,1.38,1
ewd,snake,python,,2012703279,python_snake_game_ewd_T=0.7_rngS=2012703279_gamma=0.5_hashKey=23873851_prefixLen=1,41,41,1,5,0,36,0,0,0.121951,2.86,3.3,2.9,3.6,0.7,0.121951,2.86,1
ewd,snake,python,,2012703279,python_snake_game_ewd_T=0.7_rngS=2012703279_gamma=0.5_hashKey=36728353_prefixLen=1,36,36,1,15,0,20,1,0,0.416667,1.366667,1.2,0.5,2.15,1.65,0.416667,1.366667,1
ewd,snake,python,,2012703279,python_snake_game_ewd_T=0.7_rngS=2012703279_gamma=0.5_hashKey=47646761_prefixLen=1,42,42,1,12,0,30,0,0,0.285714,1.625,1.35,0.85,2.15,1.3,0.285714,1.625,1
ewd,snake,python,,2012703279,python_snake_game_ewd_T=0.7_rngS=2012703279_gamma=0.5_hashKey=83782121_prefixLen=1,39,39,1,15,0,24,0,0,0.384615,2.413333,2.4,1.4,3.45,2.05,0.384615,2.413333,1
ewd,tank_battle,cpp,,1297660533,tank_battle_game_ewd_T=0.7_rngS=1297660533_gamma=0.5_hashKey=15485863_prefixLen=1,26,26,1,3,23,0,0,0,0.115385,0.666667,0.4,0.35,0.85,0.5,0.115385,0.666667,1
ewd,tank_battle,cpp,,1297660533,tank_battle_game_ewd_T=0.7_rngS=1297660533_gamma=0.5_hashKey=15485917_prefixLen=1,31,31,1,7,24,0,0,0,0.225806,0.542857,0.6,0.35,0.75,0.4,0.225806,0.542857,1
ewd,tank_battle,cpp,,1297660533,tank_battle_game_ewd_T=0.7_rngS=1297660533_gamma=0.5_hashKey=23873851_prefixLen=1,25,25,1,9,16,0,0,0,0.36,1.366667,1.3,1.0,1.6,0.6,0.36,1.366667,1
ewd,tank_battle,cpp,,1297660533,tank_battle_game_ewd_T=0.7_rngS=1297660533_gamma=0.5_hashKey=36728353_prefixLen=1,24,24,1,2,22,0,0,0,0.083333,0.15,0.15,0.125,0.175,0.05,0.083333,0.15,1
ewd,tank_battle,cpp,,1297660533,tank_battle_game_ewd_T=0.7_rngS=1297660533_gamma=0.5_hashKey=47646761_prefixLen=1,31,31,1,7,24,0,0,0,0.225806,1.142857,1.3,0.9,1.45,0.55,0.225806,1.142857,1
ewd,tank_battle,cpp,,1297660533,tank_battle_game_ewd_T=0.7_rngS=1297660533_gamma=0.5_hashKey=83782121_prefixLen=1,37,37,1,2,35,0,0,0,0.054054,1.0,1.0,0.9,1.1,0.2,0.054054,1.0,1
ewd,tank_battle,java,,2107680757,tank_battle_game_ewd_T=0.7_rngS=2107680757_gamma=0.5_hashKey=15485863_prefixLen=1,35,35,1,2,33,0,0,0,0.057143,1.75,1.75,1.725,1.775,0.05,0.057143,1.75,1
ewd,tank_battle,java,,2107680757,tank_battle_game_ewd_T=0.7_rngS=2107680757_gamma=0.5_hashKey=15485917_prefixLen=1,33,33,1,1,31,1,0,0,0.030303,1.0,1.0,1.0,1.0,0.0,0.030303,1.0,1
ewd,tank_battle,java,,2107680757,tank_battle_game_ewd_T=0.7_rngS=2107680757_gamma=0.5_hashKey=23873851_prefixLen=1,41,41,1,4,35,2,0,0,0.097561,1.625,1.75,1.425,1.95,0.525,0.097561,1.625,1
ewd,tank_battle,java,,2107680757,tank_battle_game_ewd_T=0.7_rngS=2107680757_gamma=0.5_hashKey=36728353_prefixLen=1,34,34,1,0,34,0,0,0,0.0,,,,,,0.0,,0
ewd,tank_battle,java,,2107680757,tank_battle_game_ewd_T=0.7_rngS=2107680757_gamma=0.5_hashKey=47646761_prefixLen=1,38,38,1,0,38,0,0,0,0.0,,,,,,0.0,,0
ewd,tank_battle,java,,2107680757,tank_battle_game_ewd_T=0.7_rngS=2107680757_gamma=0.5_hashKey=83782121_prefixLen=1,40,40,1,0,40,0,0,0,0.0,,,,,,0.0,,0
ewd,tank_battle,python,,1210046855,tank_battle_game_ewd_T=0.7_rngS=1210046855_gamma=0.5_hashKey=15485863_prefixLen=1,35,35,1,6,1,25,3,0,0.171429,0.5,0.45,0.25,0.575,0.325,0.171429,0.5,1
ewd,tank_battle,python,,1210046855,tank_battle_game_ewd_T=0.7_rngS=1210046855_gamma=0.5_hashKey=15485917_prefixLen=1,29,29,1,19,1,9,0,0,0.655172,2.168421,2.2,1.25,3.0,1.75,0.655172,2.168421,1
ewd,tank_battle,python,,1210046855,tank_battle_game_ewd_T=0.7_rngS=1210046855_gamma=0.5_hashKey=23873851_prefixLen=1,29,29,1,8,0,16,5,0,0.275862,0.8625,0.85,0.6,1.125,0.525,0.275862,0.8625,1
ewd,tank_battle,python,,1210046855,tank_battle_game_ewd_T=0.7_rngS=1210046855_gamma=0.5_hashKey=36728353_prefixLen=1,33,33,1,10,0,13,10,0,0.30303,0.55,0.55,0.325,0.775,0.45,0.30303,0.55,1
ewd,tank_battle,python,,1210046855,tank_battle_game_ewd_T=0.7_rngS=1210046855_gamma=0.5_hashKey=47646761_prefixLen=1,34,34,1,10,0,17,7,0,0.294118,0.9,0.55,0.325,1.5,1.175,0.294118,0.9,1
ewd,tank_battle,python,,1210046855,tank_battle_game_ewd_T=0.7_rngS=1210046855_gamma=0.5_hashKey=83782121_prefixLen=1,37,37,1,5,0,29,3,0,0.135135,0.46,0.4,0.3,0.6,0.3,0.135135,0.46,1
stone,brick_breaker,cpp,,3047071552,brick_breaker_game_stone_T=0.7_rngS=3047071552_gamma=0.5_hashKey=15485863_prefixLen=1_lang=cpp,23,23,1,4,19,0,0,0,0.173913,0.25,0.25,0.175,0.325,0.15,0.173913,0.25,1
stone,brick_breaker,cpp,,3047071552,brick_breaker_game_stone_T=0.7_rngS=3047071552_gamma=0.5_hashKey=15485917_prefixLen=1_lang=cpp,27,27,1,0,27,0,0,0,0.0,,,,,,0.0,,0
stone,brick_breaker,cpp,,3047071552,brick_breaker_game_stone_T=0.7_rngS=3047071552_gamma=0.5_hashKey=23873851_prefixLen=1_lang=cpp,21,21,1,3,18,0,0,0,0.142857,0.2,0.2,0.15,0.25,0.1,0.142857,0.2,1
stone,brick_breaker,cpp,,3047071552,brick_breaker_game_stone_T=0.7_rngS=3047071552_gamma=0.5_hashKey=36728353_prefixLen=1_lang=cpp,23,23,1,3,20,0,0,0,0.130435,0.2,0.2,0.15,0.25,0.1,0.130435,0.2,1
stone,brick_breaker,cpp,,3047071552,brick_breaker_game_stone_T=0.7_rngS=3047071552_gamma=0.5_hashKey=47646761_prefixLen=1_lang=cpp,29,29,1,2,27,0,0,0,0.068966,1.1,1.1,1.05,1.15,0.1,0.068966,1.1,1
stone,brick_breaker,cpp,,3047071552,brick_breaker_game_stone_T=0.7_rngS=3047071552_gamma=0.5_hashKey=83782121_prefixLen=1_lang=cpp,20,20,1,1,19,0,0,0,0.05,0.1,0.1,0.1,0.1,0.0,0.05,0.1,1
stone,brick_breaker,java,,3224345906,brick_breaker_game_stone_T=0.7_rngS=3224345906_gamma=0.5_hashKey=15485863_prefixLen=1_lang=java,14,0,1,0,0,0,0,14,,,,,,,,,0
stone,brick_breaker,java,,3224345906,brick_breaker_game_stone_T=0.7_rngS=3224345906_gamma=0.5_hashKey=15485917_prefixLen=1_lang=java,30,30,1,0,30,0,0,0,0.0,,,,,,0.0,,0
stone,brick_breaker,java,,3224345906,brick_breaker_game_stone_T=0.7_rngS=3224345906_gamma=0.5_hashKey=23873851_prefixLen=1_lang=java,27,27,1,1,26,0,0,0,0.037037,0.2,0.2,0.2,0.2,0.0,0.037037,0.2,1
stone,brick_breaker,java,,3224345906,brick_breaker_game_stone_T=0.7_rngS=3224345906_gamma=0.5_hashKey=36728353_prefixLen=1_lang=java,35,35,1,0,35,0,0,0,0.0,,,,,,0.0,,0
stone,brick_breaker,java,,3224345906,brick_breaker_game_stone_T=0.7_rngS=3224345906_gamma=0.5_hashKey=47646761_prefixLen=1_lang=java,40,40,1,0,40,0,0,0,0.0,,,,,,0.0,,0
stone,brick_breaker,java,,3224345906,brick_breaker_game_stone_T=0.7_rngS=3224345906_gamma=0.5_hashKey=83782121_prefixLen=1_lang=java,30,30,1,0,30,0,0,0,0.0,,,,,,0.0,,0
stone,brick_breaker,python,1082524405,1082524405,brick_breaker_game_stone_T=0.7_rngS=1082524405_gamma=0.5_hashKey=15485863_prefixLen=1_lang=python,31,31,1,9,0,21,1,0,0.290323,0.822222,0.5,0.3,0.9,0.6,0.290323,0.822222,1
stone,brick_breaker,python,1082524405,1082524405,brick_breaker_game_stone_T=0.7_rngS=1082524405_gamma=0.5_hashKey=15485917_prefixLen=1_lang=python,34,34,1,17,0,17,0,0,0.5,1.258824,1.3,0.5,1.9,1.4,0.5,1.258824,1
stone,brick_breaker,python,1082524405,1082524405,brick_breaker_game_stone_T=0.7_rngS=1082524405_gamma=0.5_hashKey=23873851_prefixLen=1_lang=python,30,30,1,13,0,16,1,0,0.433333,2.146154,2.5,0.4,3.2,2.8,0.433333,2.146154,1
stone,brick_breaker,python,1082524405,1082524405,brick_breaker_game_stone_T=0.7_rngS=1082524405_gamma=0.5_hashKey=36728353_prefixLen=1_lang=python,33,33,1,13,1,19,0,0,0.393939,1.338462,1.6,0.5,2.0,1.5,0.393939,1.338462,1
stone,brick_breaker,python,1082524405,1082524405,brick_breaker_game_stone_T=0.7_rngS=1082524405_gamma=0.5_hashKey=47646761_prefixLen=1_lang=python,38,38,1,19,0,19,0,0,0.5,1.178947,1.2,0.65,1.65,1.0,0.5,1.178947,1
stone,brick_breaker,python,1082524405,1082524405,brick_breaker_game_stone_T=0.7_rngS=1082524405_gamma=0.5_hashKey=83782121_prefixLen=1_lang=python,36,36,1,17,2,17,0,0,0.472222,1.682353,1.8,1.3,2.2,0.9,0.472222,1.682353,1
stone,caro,cpp,,3627467929,caro_game_stone_T=0.7_rngS=3627467929_gamma=0.5_hashKey=15485863_prefixLen=1_lang=cpp,19,19,1,14,4,1,0,0,0.736842,2.085714,2.15,1.75,2.975,1.225,0.736842,2.085714,1
stone,caro,cpp,,3627467929,caro_game_stone_T=0.7_rngS=3627467929_gamma=0.5_hashKey=15485917_prefixLen=1_lang=cpp,20,20,1,5,15,0,0,0,0.25,0.62,0.7,0.4,0.8,0.4,0.25,0.62,1
stone,caro,cpp,,3627467929,caro_game_stone_T=0.7_rngS=3627467929_gamma=0.5_hashKey=23873851_prefixLen=1_lang=cpp,19,19,1,17,2,0,0,0,0.894737,2.317647,2.0,1.2,3.5,2.3,0.894737,2.317647,1
stone,caro,cpp,,3627467929,caro_game_stone_T=0.7_rngS=3627467929_gamma=0.5_hashKey=36728353_prefixLen=1_lang=cpp,26,26,1,21,5,0,0,0,0.807692,2.233333,2.0,1.3,2.9,1.6,0.807692,2.233333,1
stone,caro,cpp,,3627467929,caro_game_stone_T=0.7_rngS=3627467929_gamma=0.5_hashKey=47646761_prefixLen=1_lang=cpp,20,20,1,3,17,0,0,0,0.15,0.8,0.8,0.75,0.85,0.1,0.15,0.8,1
stone,caro,cpp,,3627467929,caro_game_stone_T=0.7_rngS=3627467929_gamma=0.5_hashKey=83782121_prefixLen=1_lang=cpp,15,15,1,7,8,0,0,0,0.466667,0.885714,0.6,0.45,1.4,0.95,0.466667,0.885714,1
stone,caro,java,,2285465881,caro_game_stone_T=0.7_rngS=2285465881_gamma=0.5_hashKey=15485863_prefixLen=1_lang=java,23,23,1,12,9,0,2,0,0.521739,1.208333,0.95,0.675,1.3,0.625,0.521739,1.208333,1
stone,caro,java,,2285465881,caro_game_stone_T=0.7_rngS=2285465881_gamma=0.5_hashKey=15485917_prefixLen=1_lang=java,24,23,1,11,8,1,3,1,0.478261,1.254545,1.1,0.55,1.95,1.4,0.478261,1.254545,1
stone,caro,java,,2285465881,caro_game_stone_T=0.7_rngS=2285465881_gamma=0.5_hashKey=23873851_prefixLen=1_lang=java,36,36,1,13,23,0,0,0,0.361111,2.3,1.9,1.3,3.4,2.1,0.361111,2.3,1
stone,caro,java,,2285465881,caro_game_stone_T=0.7_rngS=2285465881_gamma=0.5_hashKey=36728353_prefixLen=1_lang=java,26,26,1,12,14,0,0,0,0.461538,1.941667,2.05,1.375,2.625,1.25,0.461538,1.941667,1
stone,caro,java,,2285465881,caro_game_stone_T=0.7_rngS=2285465881_gamma=0.5_hashKey=47646761_prefixLen=1_lang=java,25,23,1,6,17,0,0,2,0.26087,2.516667,2.9,1.825,3.375,1.55,0.26087,2.516667,1
stone,caro,java,,2285465881,caro_game_stone_T=0.7_rngS=2285465881_gamma=0.5_hashKey=83782121_prefixLen=1_lang=java,31,31,1,15,16,0,0,0,0.483871,2.153333,2.4,1.3,2.95,1.65,0.483871,2.153333,1
stone,caro,python,1598859076,1598859076,caro_game_stone_T=0.7_rngS=1598859076_gamma=0.5_hashKey=15485863_prefixLen=1_lang=python,31,31,1,5,1,24,1,0,0.16129,1.8,2.0,1.4,2.3,0.9,0.16129,1.8,1
stone,caro,python,1598859076,1598859076,caro_game_stone_T=0.7_rngS=1598859076_gamma=0.5_hashKey=15485917_prefixLen=1_lang=python,30,30,1,9,1,20,0,0,0.3,2.411111,2.4,2.0,3.3,1.3,0.3,2.411111,1
stone,caro,python,1598859076,1598859076,caro_game_stone_T=0.7_rngS=1598859076_gamma=0.5_hashKey=23873851_prefixLen=1_lang=python,29,29,1,5,0,22,2,0,0.172414,0.92,0.6,0.4,1.3,0.9,0.172414,0.92,1
stone,caro,python,1598859076,1598859076,caro_game_stone_T=0.7_rngS=1598859076_gamma=0.5_hashKey=36728353_prefixLen=1_lang=python,34,34,1,8,2,23,1,0,0.235294,2.1375,2.15,0.875,3.25,2.375,0.235294,2.1375,1
stone,caro,python,1598859076,1598859076,caro_game_stone_T=0.7_rngS=1598859076_gamma=0.5_hashKey=47646761_prefixLen=1_lang=python,36,36,1,14,0,22,0,0,0.388889,2.207143,1.95,1.45,3.35,1.9,0.388889,2.207143,1
stone,caro,python,1598859076,1598859076,caro_game_stone_T=0.7_rngS=1598859076_gamma=0.5_hashKey=83782121_prefixLen=1_lang=python,32,32,1,7,2,21,2,0,0.21875,0.985714,0.9,0.65,1.2,0.55,0.21875,0.985714,1
stone,flappy_bird,cpp,,95729506,flappy_bird_game_stone_T=0.7_rngS=95729506_gamma=0.5_hashKey=15485863_prefixLen=1_lang=cpp,18,18,1,0,18,0,0,0,0.0,,,,,,0.0,,0
stone,flappy_bird,cpp,,95729506,flappy_bird_game_stone_T=0.7_rngS=95729506_gamma=0.5_hashKey=15485917_prefixLen=1_lang=cpp,22,22,1,0,22,0,0,0,0.0,,,,,,0.0,,0
stone,flappy_bird,cpp,,95729506,flappy_bird_game_stone_T=0.7_rngS=95729506_gamma=0.5_hashKey=23873851_prefixLen=1_lang=cpp,21,21,1,8,13,0,0,0,0.380952,3.2625,3.3,2.825,3.65,0.825,0.380952,3.2625,1
stone,flappy_bird,cpp,,95729506,flappy_bird_game_stone_T=0.7_rngS=95729506_gamma=0.5_hashKey=36728353_prefixLen=1_lang=cpp,13,13,1,0,13,0,0,0,0.0,,,,,,0.0,,0
stone,flappy_bird,cpp,,95729506,flappy_bird_game_stone_T=0.7_rngS=95729506_gamma=0.5_hashKey=47646761_prefixLen=1_lang=cpp,16,16,1,0,16,0,0,0,0.0,,,,,,0.0,,0
stone,flappy_bird,cpp,,95729506,flappy_bird_game_stone_T=0.7_rngS=95729506_gamma=0.5_hashKey=83782121_prefixLen=1_lang=cpp,18,18,1,0,18,0,0,0,0.0,,,,,,0.0,,0
stone,flappy_bird,java,,1385953100,flappy_bird_game_stone_T=0.7_rngS=1385953100_gamma=0.5_hashKey=15485863_prefixLen=1_lang=java,29,29,1,14,13,1,1,0,0.482759,1.535714,1.65,0.575,2.2,1.625,0.482759,1.535714,1
stone,flappy_bird,java,,1385953100,flappy_bird_game_stone_T=0.7_rngS=1385953100_gamma=0.5_hashKey=15485917_prefixLen=1_lang=java,33,33,1,1,29,2,1,0,0.030303,0.5,0.5,0.5,0.5,0.0,0.030303,0.5,1
stone,flappy_bird,java,,1385953100,flappy_bird_game_stone_T=0.7_rngS=1385953100_gamma=0.5_hashKey=23873851_prefixLen=1_lang=java,36,36,1,0,36,0,0,0,0.0,,,,,,0.0,,0
stone,flappy_bird,java,,1385953100,flappy_bird_game_stone_T=0.7_rngS=1385953100_gamma=0.5_hashKey=36728353_prefixLen=1_lang=java,34,34,1,2,31,1,0,0,0.058824,1.0,1.0,0.9,1.1,0.2,0.058824,1.0,1
stone,flappy_bird,java,,1385953100,flappy_bird_game_stone_T=0.7_rngS=1385953100_gamma=0.5_hashKey=47646761_prefixLen=1_lang=java,28,28,1,1,24,1,2,0,0.035714,0.2,0.2,0.2,0.2,0.0,0.035714,0.2,1
stone,flappy_bird,java,,1385953100,flappy_bird_game_stone_T=0.7_rngS=1385953100_gamma=0.5_hashKey=83782121_prefixLen=1_lang=java,33,33,1,4,26,3,0,0,0.121212,3.475,4.05,3.075,4.45,1.375,0.121212,3.475,1
stone,flappy_bird,python,,1716196616,flappy_bird_game_stone_T=0.7_rngS=1716196616_gamma=0.5_hashKey=15485863_prefixLen=1_lang=python,37,34,1,0,0,34,0,3,0.0,,,,,,0.0,,0
stone,flappy_bird,python,,1716196616,flappy_bird_game_stone_T=0.7_rngS=1716196616_gamma=0.5_hashKey=15485917_prefixLen=1_lang=python,33,31,1,1,0,30,0,2,0.032258,0.1,0.1,0.1,0.1,0.0,0.032258,0.1,1
stone,flappy_bird,python,,1716196616,flappy_bird_game_stone_T=0.7_rngS=1716196616_gamma=0.5_hashKey=23873851_prefixLen=1_lang=python,41,39,1,4,0,35,0,2,0.102564,2.9,2.65,2.575,2.975,0.4,0.102564,2.9,1
stone,flappy_bird,python,,1716196616,flappy_bird_game_stone_T=0.7_rngS=1716196616_gamma=0.5_hashKey=36728353_prefixLen=1_lang=python,37,37,1,0,0,37,0,0,0.0,,,,,,0.0,,0
stone,flappy_bird,python,,1716196616,flappy_bird_game_stone_T=0.7_rngS=1716196616_gamma=0.5_hashKey=47646761_prefixLen=1_lang=python,34,34,1,5,0,29,0,0,0.147059,1.52,1.1,1.0,2.3,1.3,0.147059,1.52,1
stone,flappy_bird,python,,1716196616,flappy_bird_game_stone_T=0.7_rngS=1716196616_gamma=0.5_hashKey=83782121_prefixLen=1_lang=python,36,30,1,0,0,30,0,6,0.0,,,,,,0.0,,0
stone,snake,cpp,,3908348467,snake_game_stone_T=0.7_rngS=3908348467_gamma=0.5_hashKey=15485863_prefixLen=1_lang=cpp,33,33,1,0,33,0,0,0,0.0,,,,,,0.0,,0
stone,snake,cpp,,3908348467,snake_game_stone_T=0.7_rngS=3908348467_gamma=0.5_hashKey=15485917_prefixLen=1_lang=cpp,32,32,1,3,29,0,0,0,0.09375,0.9,0.2,0.15,1.3,1.15,0.09375,0.9,1
stone,snake,cpp,,3908348467,snake_game_stone_T=0.7_rngS=3908348467_gamma=0.5_hashKey=23873851_prefixLen=1_lang=cpp,33,33,1,1,32,0,0,0,0.030303,1.5,1.5,1.5,1.5,0.0,0.030303,1.5,1
stone,snake,cpp,,3908348467,snake_game_stone_T=0.7_rngS=3908348467_gamma=0.5_hashKey=36728353_prefixLen=1_lang=cpp,33,33,1,3,29,0,1,0,0.090909,0.5,0.5,0.45,0.55,0.1,0.090909,0.5,1
stone,snake,cpp,,3908348467,snake_game_stone_T=0.7_rngS=3908348467_gamma=0.5_hashKey=47646761_prefixLen=1_lang=cpp,32,32,1,8,21,1,2,0,0.25,2.7375,3.3,2.3,3.675,1.375,0.25,2.7375,1
stone,snake,cpp,,3908348467,snake_game_stone_T=0.7_rngS=3908348467_gamma=0.5_hashKey=83782121_prefixLen=1_lang=cpp,36,36,1,0,35,0,1,0,0.0,,,,,,0.0,,0
stone,snake,java,,384552130,snake_game_stone_T=0.7_rngS=384552130_gamma=0.5_hashKey=15485863_prefixLen=1_lang=java,32,32,1,1,31,0,0,0,0.03125,2.7,2.7,2.7,2.7,0.0,0.03125,2.7,1
stone,snake,java,,384552130,snake_game_stone_T=0.7_rngS=384552130_gamma=0.5_hashKey=15485917_prefixLen=1_lang=java,32,32,1,1,31,0,0,0,0.03125,0.2,0.2,0.2,0.2,0.0,0.03125,0.2,1
stone,snake,java,,384552130,snake_game_stone_T=0.7_rngS=384552130_gamma=0.5_hashKey=23873851_prefixLen=1_lang=java,34,34,1,8,25,0,1,0,0.235294,3.2,3.4,2.7,3.75,1.05,0.235294,3.2,1
stone,snake,java,,384552130,snake_game_stone_T=0.7_rngS=384552130_gamma=0.5_hashKey=36728353_prefixLen=1_lang=java,39,39,1,6,29,1,3,0,0.153846,1.183333,1.0,0.325,1.825,1.5,0.153846,1.183333,1
stone,snake,java,,384552130,snake_game_stone_T=0.7_rngS=384552130_gamma=0.5_hashKey=47646761_prefixLen=1_lang=java,31,31,1,8,21,2,0,0,0.258065,1.625,2.0,0.675,2.325,1.65,0.258065,1.625,1
stone,snake,java,,384552130,snake_game_stone_T=0.7_rngS=384552130_gamma=0.5_hashKey=83782121_prefixLen=1_lang=java,32,32,1,1,27,2,2,0,0.03125,2.4,2.4,2.4,2.4,0.0,0.03125,2.4,1
stone,snake,python,,2012703279,python_snake_game_stone_T=0.7_rngS=2012703279_gamma=0.5_hashKey=15485863_prefixLen=1_lang=python,40,40,1,3,2,35,0,0,0.075,0.333333,0.2,0.15,0.45,0.3,0.075,0.333333,1
stone,snake,python,,2012703279,python_snake_game_stone_T=0.7_rngS=2012703279_gamma=0.5_hashKey=15485917_prefixLen=1_lang=python,36,36,1,7,0,29,0,0,0.194444,2.114286,2.6,1.1,2.85,1.75,0.194444,2.114286,1
stone,snake,python,,2012703279,python_snake_game_stone_T=0.7_rngS=2012703279_gamma=0.5_hashKey=23873851_prefixLen=1_lang=python,34,34,1,4,0,28,2,0,0.117647,1.475,1.55,0.975,2.05,1.075,0.117647,1.475,1
stone,snake,python,,2012703279,python_snake_game_stone_T=0.7_rngS=2012703279_gamma=0.5_hashKey=36728353_prefixLen=1_lang=python,39,39,1,10,1,28,0,0,0.25641,1.68,1.4,0.425,3.075,2.65,0.25641,1.68,1
stone,snake,python,,2012703279,python_snake_game_stone_T=0.7_rngS=2012703279_gamma=0.5_hashKey=47646761_prefixLen=1_lang=python,36,36,1,10,0,26,0,0,0.277778,1.84,1.15,0.85,3.1,2.25,0.277778,1.84,1
stone,snake,python,,2012703279,python_snake_game_stone_T=0.7_rngS=2012703279_gamma=0.5_hashKey=83782121_prefixLen=1_lang=python,35,35,1,15,1,19,0,0,0.428571,2.026667,2.1,0.65,3.15,2.5,0.428571,2.026667,1
stone,tank_battle,cpp,,1297660533,tank_battle_game_stone_T=0.7_rngS=1297660533_gamma=0.5_hashKey=15485863_prefixLen=1_lang=cpp,24,24,1,1,23,0,0,0,0.041667,0.1,0.1,0.1,0.1,0.0,0.041667,0.1,1
stone,tank_battle,cpp,,1297660533,tank_battle_game_stone_T=0.7_rngS=1297660533_gamma=0.5_hashKey=15485917_prefixLen=1_lang=cpp,30,30,1,5,25,0,0,0,0.166667,0.48,0.4,0.2,0.8,0.6,0.166667,0.48,1
stone,tank_battle,cpp,,1297660533,tank_battle_game_stone_T=0.7_rngS=1297660533_gamma=0.5_hashKey=23873851_prefixLen=1_lang=cpp,20,20,1,2,18,0,0,0,0.1,0.4,0.4,0.25,0.55,0.3,0.1,0.4,1
stone,tank_battle,cpp,,1297660533,tank_battle_game_stone_T=0.7_rngS=1297660533_gamma=0.5_hashKey=36728353_prefixLen=1_lang=cpp,22,22,1,9,13,0,0,0,0.409091,1.466667,1.4,0.5,2.4,1.9,0.409091,1.466667,1
stone,tank_battle,cpp,,1297660533,tank_battle_game_stone_T=0.7_rngS=1297660533_gamma=0.5_hashKey=47646761_prefixLen=1_lang=cpp,23,23,1,6,17,0,0,0,0.26087,1.1,1.0,0.75,1.4,0.65,0.26087,1.1,1
stone,tank_battle,cpp,,1297660533,tank_battle_game_stone_T=0.7_rngS=1297660533_gamma=0.5_hashKey=83782121_prefixLen=1_lang=cpp,21,21,1,1,20,0,0,0,0.047619,0.2,0.2,0.2,0.2,0.0,0.047619,0.2,1
stone,tank_battle,java,,2107680757,tank_battle_game_stone_T=0.7_rngS=2107680757_gamma=0.5_hashKey=15485863_prefixLen=1_lang=java,32,32,1,1,31,0,0,0,0.03125,0.2,0.2,0.2,0.2,0.0,0.03125,0.2,1
stone,tank_battle,java,,2107680757,tank_battle_game_stone_T=0.7_rngS=2107680757_gamma=0.5_hashKey=15485917_prefixLen=1_lang=java,36,36,1,0,36,0,0,0,0.0,,,,,,0.0,,0
stone,tank_battle,java,,2107680757,tank_battle_game_stone_T=0.7_rngS=2107680757_gamma=0.5_hashKey=23873851_prefixLen=1_lang=java,33,33,1,1,31,1,0,0,0.030303,0.7,0.7,0.7,0.7,0.0,0.030303,0.7,1
stone,tank_battle,java,,2107680757,tank_battle_game_stone_T=0.7_rngS=2107680757_gamma=0.5_hashKey=36728353_prefixLen=1_lang=java,39,39,1,1,38,0,0,0,0.025641,0.1,0.1,0.1,0.1,0.0,0.025641,0.1,1
stone,tank_battle,java,,2107680757,tank_battle_game_stone_T=0.7_rngS=2107680757_gamma=0.5_hashKey=47646761_prefixLen=1_lang=java,38,38,1,2,36,0,0,0,0.052632,0.45,0.45,0.275,0.625,0.35,0.052632,0.45,1
stone,tank_battle,java,,2107680757,tank_battle_game_stone_T=0.7_rngS=2107680757_gamma=0.5_hashKey=83782121_prefixLen=1_lang=java,36,36,1,0,35,1,0,0,0.0,,,,,,0.0,,0
stone,tank_battle,python,,1210046855,tank_battle_game_stone_T=0.7_rngS=1210046855_gamma=0.5_hashKey=15485863_prefixLen=1_lang=python,33,33,1,18,0,11,4,0,0.545455,1.377778,1.25,0.65,1.875,1.225,0.545455,1.377778,1
stone,tank_battle,python,,1210046855,tank_battle_game_stone_T=0.7_rngS=1210046855_gamma=0.5_hashKey=15485917_prefixLen=1_lang=python,31,31,1,14,1,15,1,0,0.451613,1.278571,1.15,0.825,1.475,0.65,0.451613,1.278571,1
stone,tank_battle,python,,1210046855,tank_battle_game_stone_T=0.7_rngS=1210046855_gamma=0.5_hashKey=23873851_prefixLen=1_lang=python,30,27,1,5,0,18,4,3,0.185185,1.64,1.3,1.1,2.2,1.1,0.185185,1.64,1
stone,tank_battle,python,,1210046855,tank_battle_game_stone_T=0.7_rngS=1210046855_gamma=0.5_hashKey=36728353_prefixLen=1_lang=python,29,29,1,20,0,5,4,0,0.689655,1.715,1.3,0.575,2.7,2.125,0.689655,1.715,1
stone,tank_battle,python,,1210046855,tank_battle_game_stone_T=0.7_rngS=1210046855_gamma=0.5_hashKey=47646761_prefixLen=1_lang=python,30,30,1,26,0,4,0,0,0.866667,1.9,1.75,1.025,2.85,1.825,0.866667,1.9,1
stone,tank_battle,python,,1210046855,tank_battle_game_stone_T=0.7_rngS=1210046855_gamma=0.5_hashKey=83782121_prefixLen=1_lang=python,34,34,1,10,1,21,2,0,0.294118,0.84,0.8,0.425,1.175,0.75,0.294118,0.84,1
sweet,brick_breaker,cpp,,3047071552,brick_breaker_game_sweet_T=0.7_rngS=3047071552_gamma=0.1_ET=0.5,9,9,1,0,9,0,0,0,0.0,,,,,,0.0,,0
sweet,brick_breaker,cpp,,3047071552,brick_breaker_game_sweet_T=0.7_rngS=3047071552_gamma=0.25_ET=0.5,11,11,1,3,8,0,0,0,0.272727,0.3,0.3,0.25,0.35,0.1,0.272727,0.3,1
sweet,brick_breaker,cpp,,3047071552,brick_breaker_game_sweet_T=0.7_rngS=3047071552_gamma=0.5_ET=0.5,15,15,1,0,15,0,0,0,0.0,,,,,,0.0,,0
sweet,brick_breaker,java,,3224345906,brick_breaker_game_sweet_T=0.7_rngS=3224345906_gamma=0.1_ET=0.5,14,14,1,1,13,0,0,0,0.071429,1.3,1.3,1.3,1.3,0.0,0.071429,1.3,1
sweet,brick_breaker,java,,3224345906,brick_breaker_game_sweet_T=0.7_rngS=3224345906_gamma=0.25_ET=0.5,23,23,1,2,21,0,0,0,0.086957,0.7,0.7,0.65,0.75,0.1,0.086957,0.7,1
sweet,brick_breaker,java,,3224345906,brick_breaker_game_sweet_T=0.7_rngS=3224345906_gamma=0.5_ET=0.5,21,21,1,0,21,0,0,0,0.0,,,,,,0.0,,0
sweet,brick_breaker,python,1082524405,1082524405,brick_breaker_game_sweet_T=0.7_rngS=1082524405_gamma=0.1_ET=0.5,15,15,1,3,0,12,0,0,0.2,0.266667,0.2,0.15,0.35,0.2,0.2,0.266667,1
sweet,brick_breaker,python,1082524405,1082524405,brick_breaker_game_sweet_T=0.7_rngS=1082524405_gamma=0.25_ET=0.5,25,25,1,11,0,14,0,0,0.44,0.981818,0.7,0.35,1.8,1.45,0.44,0.981818,1
sweet,brick_breaker,python,1082524405,1082524405,brick_breaker_game_sweet_T=0.7_rngS=1082524405_gamma=0.5_ET=0.5,28,28,1,15,0,13,0,0,0.535714,1.433333,1.3,0.45,2.35,1.9,0.535714,1.433333,1
sweet,caro,cpp,,3627467929,caro_game_sweet_T=0.7_rngS=3627467929_gamma=0.1_ET=0.5,5,5,1,5,0,0,0,0,1.0,1.5,1.5,1.1,2.1,1.0,1.0,1.5,1
sweet,caro,cpp,,3627467929,caro_game_sweet_T=0.7_rngS=3627467929_gamma=0.25_ET=0.5,14,14,1,9,5,0,0,0,0.642857,1.944444,1.5,1.1,2.7,1.6,0.642857,1.944444,1
sweet,caro,cpp,,3627467929,caro_game_sweet_T=0.7_rngS=3627467929_gamma=0.5_ET=0.5,14,14,1,9,5,0,0,0,0.642857,1.977778,1.8,1.2,2.4,1.2,0.642857,1.977778,1
sweet,caro,java,,2285465881,caro_game_sweet_T=0.7_rngS=2285465881_gamma=0.1_ET=0.5,11,11,1,5,6,0,0,0,0.454545,2.66,2.3,2.1,2.7,0.6,0.454545,2.66,1
sweet,caro,java,,2285465881,caro_game_sweet_T=0.7_rngS=2285465881_gamma=0.25_ET=0.5,18,18,1,9,9,0,0,0,0.5,1.622222,1.3,1.1,1.7,0.6,0.5,1.622222,1
sweet,caro,java,,2285465881,caro_game_sweet_T=0.7_rngS=2285465881_gamma=0.5_ET=0.5,23,23,1,12,10,0,1,0,0.521739,2.1,1.65,0.625,3.525,2.9,0.521739,2.1,1
sweet,caro,python,1598859076,1598859076,caro_game_sweet_T=0.7_rngS=1598859076_gamma=0.1_ET=0.5,15,15,1,3,0,11,1,0,0.2,0.866667,1.1,0.6,1.25,0.65,0.2,0.866667,1
sweet,caro,python,1598859076,1598859076,caro_game_sweet_T=0.7_rngS=1598859076_gamma=0.25_ET=0.5,21,21,1,8,0,13,0,0,0.380952,1.2,0.9,0.65,1.5,0.85,0.380952,1.2,1
sweet,caro,python,1598859076,1598859076,caro_game_sweet_T=0.7_rngS=1598859076_gamma=0.5_ET=0.5,24,24,1,7,0,15,2,0,0.291667,0.971429,0.8,0.45,1.45,1.0,0.291667,0.971429,1
sweet,flappy_bird,cpp,,95729506,flappy_bird_game_sweet_T=0.7_rngS=95729506_gamma=0.1_ET=0.5,4,4,1,2,2,0,0,0,0.5,0.55,0.55,0.325,0.775,0.45,0.5,0.55,1
sweet,flappy_bird,cpp,,95729506,flappy_bird_game_sweet_T=0.7_rngS=95729506_gamma=0.25_ET=0.5,15,15,1,1,14,0,0,0,0.066667,0.1,0.1,0.1,0.1,0.0,0.066667,0.1,1
sweet,flappy_bird,cpp,,95729506,flappy_bird_game_sweet_T=0.7_rngS=95729506_gamma=0.5_ET=0.5,17,17,1,0,17,0,0,0,0.0,,,,,,0.0,,0
sweet,flappy_bird,java,,1385953100,flappy_bird_game_sweet_T=0.7_rngS=1385953100_gamma=0.1_ET=0.5,14,14,1,0,14,0,0,0,0.0,,,,,,0.0,,0
sweet,flappy_bird,java,,1385953100,flappy_bird_game_sweet_T=0.7_rngS=1385953100_gamma=0.25_ET=0.5,21,21,1,1,20,0,0,0,0.047619,1.0,1.0,1.0,1.0,0.0,0.047619,1.0,1
sweet,flappy_bird,java,,1385953100,flappy_bird_game_sweet_T=0.7_rngS=1385953100_gamma=0.5_ET=0.5,23,23,1,2,21,0,0,0,0.086957,0.35,0.35,0.225,0.475,0.25,0.086957,0.35,1
sweet,flappy_bird,python,,1716196616,flappy_bird_game_sweet_T=0.7_rngS=1716196616_gamma=0.1_ET=0.5,20,20,1,0,0,20,0,0,0.0,,,,,,0.0,,0
sweet,flappy_bird,python,,1716196616,flappy_bird_game_sweet_T=0.7_rngS=1716196616_gamma=0.25_ET=0.5,26,24,1,1,0,23,0,2,0.041667,0.1,0.1,0.1,0.1,0.0,0.041667,0.1,1
sweet,flappy_bird,python,,1716196616,flappy_bird_game_sweet_T=0.7_rngS=1716196616_gamma=0.5_ET=0.5,27,20,1,0,0,20,0,7,0.0,,,,,,0.0,,0
sweet,snake,cpp,,3908348467,snake_game_sweet_T=0.7_rngS=3908348467_gamma=0.1_ET=0.5,16,16,1,2,14,0,0,0,0.125,0.6,0.6,0.4,0.8,0.4,0.125,0.6,1
sweet,snake,cpp,,3908348467,snake_game_sweet_T=0.7_rngS=3908348467_gamma=0.25_ET=0.5,25,25,1,0,25,0,0,0,0.0,,,,,,0.0,,0
sweet,snake,cpp,,3908348467,snake_game_sweet_T=0.7_rngS=3908348467_gamma=0.5_ET=0.5,21,21,1,3,18,0,0,0,0.142857,2.833333,2.8,2.7,2.95,0.25,0.142857,2.833333,1
sweet,snake,java,,384552130,snake_game_sweet_T=0.7_rngS=384552130_gamma=0.1_ET=0.5,16,16,1,1,15,0,0,0,0.0625,0.5,0.5,0.5,0.5,0.0,0.0625,0.5,1
sweet,snake,java,,384552130,snake_game_sweet_T=0.7_rngS=384552130_gamma=0.25_ET=0.5,31,31,1,1,30,0,0,0,0.032258,0.5,0.5,0.5,0.5,0.0,0.032258,0.5,1
sweet,snake,java,,384552130,snake_game_sweet_T=0.7_rngS=384552130_gamma=0.5_ET=0.5,25,25,1,6,18,1,0,0,0.24,1.966667,2.05,1.925,2.25,0.325,0.24,1.966667,1
sweet,snake,python,,2012703279,python_snake_game_sweet_T=0.7_rngS=2012703279_gamma=0.1_ET=0.5,17,17,1,0,0,16,1,0,0.0,,,,,,0.0,,0
sweet,snake,python,,2012703279,python_snake_game_sweet_T=0.7_rngS=2012703279_gamma=0.25_ET=0.5,30,28,1,5,0,20,3,2,0.178571,1.16,1.2,0.5,1.3,0.8,0.178571,1.16,1
sweet,snake,python,,2012703279,python_snake_game_sweet_T=0.7_rngS=2012703279_gamma=0.5_ET=0.5,27,27,1,3,0,23,1,0,0.111111,0.633333,0.5,0.4,0.8,0.4,0.111111,0.633333,1
sweet,tank_battle,cpp,,1297660533,tank_battle_game_sweet_T=0.7_rngS=1297660533_gamma=0.1_ET=0.5,15,15,1,4,11,0,0,0,0.266667,0.675,0.65,0.575,0.75,0.175,0.266667,0.675,1
sweet,tank_battle,cpp,,1297660533,tank_battle_game_sweet_T=0.7_rngS=1297660533_gamma=0.25_ET=0.5,21,21,1,2,19,0,0,0,0.095238,1.45,1.45,1.275,1.625,0.35,0.095238,1.45,1
sweet,tank_battle,cpp,,1297660533,tank_battle_game_sweet_T=0.7_rngS=1297660533_gamma=0.5_ET=0.5,10,10,1,5,5,0,0,0,0.5,1.32,1.1,1.0,2.1,1.1,0.5,1.32,1
sweet,tank_battle,java,,2107680757,tank_battle_game_sweet_T=0.7_rngS=2107680757_gamma=0.1_ET=0.5,19,19,1,2,17,0,0,0,0.105263,0.25,0.25,0.225,0.275,0.05,0.105263,0.25,1
sweet,tank_battle,java,,2107680757,tank_battle_game_sweet_T=0.7_rngS=2107680757_gamma=0.25_ET=0.5,30,30,1,8,22,0,0,0,0.266667,0.45,0.45,0.275,0.625,0.35,0.266667,0.45,1
sweet,tank_battle,java,,2107680757,tank_battle_game_sweet_T=0.7_rngS=2107680757_gamma=0.5_ET=0.5,26,26,1,7,16,3,0,0,0.269231,1.042857,0.5,0.35,1.3,0.95,0.269231,1.042857,1
sweet,tank_battle,python,,1210046855,tank_battle_game_sweet_T=0.7_rngS=1210046855_gamma=0.1_ET=0.5,15,15,1,9,0,4,2,0,0.6,0.666667,0.6,0.4,1.0,0.6,0.6,0.666667,1
sweet,tank_battle,python,,1210046855,tank_battle_game_sweet_T=0.7_rngS=1210046855_gamma=0.25_ET=0.5,21,21,1,8,0,10,3,0,0.380952,0.6,0.55,0.35,0.825,0.475,0.380952,0.6,1
sweet,tank_battle,python,,1210046855,tank_battle_game_sweet_T=0.7_rngS=1210046855_gamma=0.5_ET=0.5,20,20,1,12,0,5,3,0,0.6,1.25,1.35,0.475,1.925,1.45,0.6,1.25,1
waterfall,brick_breaker,cpp,,3047071552,brick_breaker_game_waterfall_T=0.7_rngS=3047071552_idMu=42_kP=1_nGram=2_wmFn=fourier,50,50,1,10,36,0,4,0,0.2,3.94,4.45,1.575,6.05,4.475,0.2,3.94,1
waterfall,brick_breaker,java,,3224345906,brick_breaker_game_waterfall_T=0.7_rngS=3224345906_idMu=42_kP=1_nGram=2_wmFn=fourier,56,56,1,1,55,0,0,0,0.017857,11.2,11.2,11.2,11.2,0.0,0.017857,11.2,1
waterfall,brick_breaker,python,1082524405,1082524405,brick_breaker_game_waterfall_T=0.7_rngS=1082524405_idMu=42_kP=1_nGram=2_wmFn=fourier,59,59,1,24,0,32,3,0,0.40678,2.058333,1.8,0.675,2.425,1.75,0.40678,2.058333,1
waterfall,brick_breaker,python,239766494,239766494,brick_breaker_game_waterfall_T=0.7_rngS=239766494_idMu=42_kP=1_nGram=2_wmFn=fourier,49,49,1,34,0,14,1,0,0.693878,6.15,5.3,2.15,9.075,6.925,0.693878,6.15,1
waterfall,caro,cpp,,3627467929,caro_game_waterfall_T=0.7_rngS=3627467929_idMu=42_kP=1_nGram=2_wmFn=fourier,40,40,1,24,11,0,5,0,0.6,2.416667,1.85,0.975,3.05,2.075,0.6,2.416667,1
waterfall,caro,java,,2285465881,caro_game_waterfall_T=0.7_rngS=2285465881_idMu=42_kP=1_nGram=2_wmFn=fourier,52,52,1,28,24,0,0,0,0.538462,5.053571,4.15,1.9,5.9,4.0,0.538462,5.053571,1
waterfall,caro,python,1598859076,1598859076,caro_game_waterfall_T=0.7_rngS=1598859076_idMu=42_kP=1_nGram=2_wmFn=fourier,78,78,1,16,9,51,2,0,0.205128,5.06875,5.05,2.775,6.5,3.725,0.205128,5.06875,1
waterfall,flappy_bird,cpp,,95729506,flappy_bird_game_waterfall_T=0.7_rngS=95729506_idMu=42_kP=1_nGram=2_wmFn=fourier,49,49,1,4,45,0,0,0,0.081633,0.45,0.45,0.375,0.525,0.15,0.081633,0.45,1
waterfall,flappy_bird,java,,1385953100,flappy_bird_game_waterfall_T=0.7_rngS=1385953100_idMu=42_kP=1_nGram=2_wmFn=fourier,71,71,1,2,61,8,0,0,0.028169,0.3,0.3,0.25,0.35,0.1,0.028169,0.3,1
waterfall,flappy_bird,python,,1716196616,flappy_bird_game_waterfall_T=0.7_rngS=1716196616_idMu=42_kP=1_nGram=2_wmFn=fourier,80,79,1,2,2,75,0,1,0.025316,3.75,3.75,3.725,3.775,0.05,0.025316,3.75,1
waterfall,snake,cpp,,3908348467,snake_game_waterfall_T=0.7_rngS=3908348467_idMu=42_kP=1_nGram=2_wmFn=fourier,63,63,1,3,60,0,0,0,0.047619,1.6,2.3,1.2,2.35,1.15,0.047619,1.6,1
waterfall,snake,java,,384552130,snake_game_waterfall_T=0.7_rngS=384552130_idMu=42_kP=1_nGram=2_wmFn=fourier,54,54,1,5,48,0,1,0,0.092593,3.44,3.3,0.7,3.4,2.7,0.092593,3.44,1
waterfall,snake,python,,2012703279,python_snake_game_waterfall_T=0.7_rngS=2012703279_idMu=42_kP=1_nGram=2_wmFn=fourier,75,75,1,19,1,53,2,0,0.253333,4.394737,4.3,2.55,6.0,3.45,0.253333,4.394737,1
waterfall,tank_battle,cpp,,1297660533,tank_battle_game_waterfall_T=0.7_rngS=1297660533_idMu=42_kP=1_nGram=2_wmFn=fourier,45,45,1,8,36,0,1,0,0.177778,1.6875,1.95,1.05,2.425,1.375,0.177778,1.6875,1
waterfall,tank_battle,java,,2107680757,tank_battle_game_waterfall_T=0.7_rngS=2107680757_idMu=42_kP=1_nGram=2_wmFn=fourier,58,58,1,2,56,0,0,0,0.034483,4.5,4.5,4.45,4.55,0.1,0.034483,4.5,1
waterfall,tank_battle,python,,1210046855,tank_battle_game_waterfall_T=0.7_rngS=1210046855_idMu=42_kP=1_nGram=2_wmFn=fourier,58,58,1,6,26,25,1,0,0.103448,0.816667,0.95,0.375,1.225,0.85,0.103448,0.816667,1
wllm,brick_breaker,cpp,,3047071552,brick_breaker_game_wllm_T=0.7_rngS=3047071552_gamma=0.1,17,17,1,2,15,0,0,0,0.117647,1.95,1.95,1.925,1.975,0.05,0.117647,1.95,1
wllm,brick_breaker,cpp,,3047071552,brick_breaker_game_wllm_T=0.7_rngS=3047071552_gamma=0.25,22,0,1,0,0,0,0,22,,,,,,,,,0
wllm,brick_breaker,cpp,,3047071552,brick_breaker_game_wllm_T=0.7_rngS=3047071552_gamma=0.5,30,30,1,0,30,0,0,0,0.0,,,,,,0.0,,0
wllm,brick_breaker,java,,3224345906,brick_breaker_game_wllm_T=0.7_rngS=3224345906_gamma=0.1,17,17,1,0,17,0,0,0,0.0,,,,,,0.0,,0
wllm,brick_breaker,java,,3224345906,brick_breaker_game_wllm_T=0.7_rngS=3224345906_gamma=0.25,32,32,1,3,29,0,0,0,0.09375,0.833333,0.8,0.7,0.95,0.25,0.09375,0.833333,1
wllm,brick_breaker,java,,3224345906,brick_breaker_game_wllm_T=0.7_rngS=3224345906_gamma=0.5,34,34,1,0,34,0,0,0,0.0,,,,,,0.0,,0
wllm,brick_breaker,python,1082524405,1082524405,brick_breaker_game_wllm_T=0.7_rngS=1082524405_gamma=0.1,21,21,1,4,0,17,0,0,0.190476,0.35,0.35,0.175,0.525,0.35,0.190476,0.35,1
wllm,brick_breaker,python,1082524405,1082524405,brick_breaker_game_wllm_T=0.7_rngS=1082524405_gamma=0.25,35,35,1,18,0,17,0,0,0.514286,1.561111,1.5,0.525,2.075,1.55,0.514286,1.561111,1
wllm,brick_breaker,python,1082524405,1082524405,brick_breaker_game_wllm_T=0.7_rngS=1082524405_gamma=0.5,37,37,1,14,0,23,0,0,0.378378,1.292857,1.25,0.425,1.975,1.55,0.378378,1.292857,1
wllm,caro,cpp,,3627467929,caro_game_wllm_T=0.7_rngS=3627467929_gamma=0.1,9,9,1,9,0,0,0,0,1.0,2.077778,2.0,1.5,2.2,0.7,1.0,2.077778,1
wllm,caro,cpp,,3627467929,caro_game_wllm_T=0.7_rngS=3627467929_gamma=0.25,22,22,1,2,20,0,0,0,0.090909,0.75,0.75,0.725,0.775,0.05,0.090909,0.75,1
wllm,caro,cpp,,3627467929,caro_game_wllm_T=0.7_rngS=3627467929_gamma=0.5,26,26,1,5,21,0,0,0,0.192308,3.2,3.7,3.6,3.9,0.3,0.192308,3.2,1
wllm,caro,java,,2285465881,caro_game_wllm_T=0.7_rngS=2285465881_gamma=0.1,19,19,1,3,13,0,3,0,0.157895,2.166667,1.9,1.0,3.2,2.2,0.157895,2.166667,1
wllm,caro,java,,2285465881,caro_game_wllm_T=0.7_rngS=2285465881_gamma=0.25,27,27,1,7,20,0,0,0,0.259259,1.128571,1.3,0.8,1.55,0.75,0.259259,1.128571,1
wllm,caro,java,,2285465881,caro_game_wllm_T=0.7_rngS=2285465881_gamma=0.5,32,32,1,13,18,0,1,0,0.40625,2.176923,2.8,0.6,3.2,2.6,0.40625,2.176923,1
wllm,caro,python,1598859076,1598859076,caro_game_wllm_T=0.7_rngS=1598859076_gamma=0.1,25,25,1,4,0,20,1,0,0.16,2.175,1.85,1.375,2.65,1.275,0.16,2.175,1
wllm,caro,python,1598859076,1598859076,caro_game_wllm_T=0.7_rngS=1598859076_gamma=0.25,32,32,1,9,3,19,1,0,0.28125,1.544444,1.2,0.9,2.7,1.8,0.28125,1.544444,1
wllm,caro,python,1598859076,1598859076,caro_game_wllm_T=0.7_rngS=1598859076_gamma=0.5,36,36,1,8,0,27,1,0,0.222222,1.6375,1.45,0.975,2.225,1.25,0.222222,1.6375,1
wllm,flappy_bird,cpp,,95729506,flappy_bird_game_wllm_T=0.7_rngS=95729506_gamma=0.1,6,6,1,3,3,0,0,0,0.5,2.766667,3.4,1.75,4.1,2.35,0.5,2.766667,1
wllm,flappy_bird,cpp,,95729506,flappy_bird_game_wllm_T=0.7_rngS=95729506_gamma=0.25,23,23,1,2,21,0,0,0,0.086957,2.4,2.4,1.25,3.55,2.3,0.086957,2.4,1
wllm,flappy_bird,cpp,,95729506,flappy_bird_game_wllm_T=0.7_rngS=95729506_gamma=0.5,20,20,1,1,19,0,0,0,0.05,2.8,2.8,2.8,2.8,0.0,0.05,2.8,1
wllm,flappy_bird,java,,1385953100,flappy_bird_game_wllm_T=0.7_rngS=1385953100_gamma=0.1,21,21,1,2,16,1,2,0,0.095238,1.05,1.05,1.025,1.075,0.05,0.095238,1.05,1
wllm,flappy_bird,java,,1385953100,flappy_bird_game_wllm_T=0.7_rngS=1385953100_gamma=0.25,30,30,1,1,28,0,1,0,0.033333,1.0,1.0,1.0,1.0,0.0,0.033333,1.0,1
wllm,flappy_bird,java,,1385953100,flappy_bird_game_wllm_T=0.7_rngS=1385953100_gamma=0.5,36,36,1,2,31,2,1,0,0.055556,0.25,0.25,0.175,0.325,0.15,0.055556,0.25,1
wllm,flappy_bird,python,,1716196616,flappy_bird_game_wllm_T=0.7_rngS=1716196616_gamma=0.1,25,25,1,1,0,24,0,0,0.04,0.2,0.2,0.2,0.2,0.0,0.04,0.2,1
wllm,flappy_bird,python,,1716196616,flappy_bird_game_wllm_T=0.7_rngS=1716196616_gamma=0.25,34,34,1,1,0,33,0,0,0.029412,0.1,0.1,0.1,0.1,0.0,0.029412,0.1,1
wllm,flappy_bird,python,,1716196616,flappy_bird_game_wllm_T=0.7_rngS=1716196616_gamma=0.5,38,38,1,0,0,38,0,0,0.0,,,,,,0.0,,0
wllm,snake,cpp,,3908348467,snake_game_wllm_T=0.7_rngS=3908348467_gamma=0.1,25,25,1,2,23,0,0,0,0.08,0.4,0.4,0.3,0.5,0.2,0.08,0.4,1
wllm,snake,cpp,,3908348467,snake_game_wllm_T=0.7_rngS=3908348467_gamma=0.25,31,31,1,0,31,0,0,0,0.0,,,,,,0.0,,0
wllm,snake,cpp,,3908348467,snake_game_wllm_T=0.7_rngS=3908348467_gamma=0.5,35,35,1,0,35,0,0,0,0.0,,,,,,0.0,,0
wllm,snake,java,,384552130,snake_game_wllm_T=0.7_rngS=384552130_gamma=0.1,19,19,1,1,18,0,0,0,0.052632,0.5,0.5,0.5,0.5,0.0,0.052632,0.5,1
wllm,snake,java,,384552130,snake_game_wllm_T=0.7_rngS=384552130_gamma=0.25,38,38,1,3,34,1,0,0,0.078947,3.833333,3.8,3.75,3.9,0.15,0.078947,3.833333,1
wllm,snake,java,,384552130,snake_game_wllm_T=0.7_rngS=384552130_gamma=0.5,36,36,1,2,31,3,0,0,0.055556,2.35,2.35,2.225,2.475,0.25,0.055556,2.35,1
wllm,snake,python,,2012703279,python_snake_game_wllm_T=0.7_rngS=2012703279_gamma=0.1,34,34,1,7,0,27,0,0,0.205882,1.871429,1.2,0.95,2.7,1.75,0.205882,1.871429,1
wllm,snake,python,,2012703279,python_snake_game_wllm_T=0.7_rngS=2012703279_gamma=0.25,38,38,1,7,0,30,1,0,0.184211,3.257143,3.7,2.3,4.45,2.15,0.184211,3.257143,1
wllm,snake,python,,2012703279,python_snake_game_wllm_T=0.7_rngS=2012703279_gamma=0.5,40,40,1,11,0,24,5,0,0.275,3.254545,3.6,2.55,4.25,1.7,0.275,3.254545,1
wllm,tank_battle,cpp,,1297660533,tank_battle_game_wllm_T=0.7_rngS=1297660533_gamma=0.1,15,15,1,6,9,0,0,0,0.4,1.366667,0.8,0.625,1.425,0.8,0.4,1.366667,1
wllm,tank_battle,cpp,,1297660533,tank_battle_game_wllm_T=0.7_rngS=1297660533_gamma=0.25,24,24,1,2,22,0,0,0,0.083333,1.35,1.35,1.075,1.625,0.55,0.083333,1.35,1
wllm,tank_battle,cpp,,1297660533,tank_battle_game_wllm_T=0.7_rngS=1297660533_gamma=0.5,29,29,1,9,20,0,0,0,0.310345,2.822222,2.7,2.5,2.9,0.4,0.310345,2.822222,1
wllm,tank_battle,java,,2107680757,tank_battle_game_wllm_T=0.7_rngS=2107680757_gamma=0.1,26,26,1,2,24,0,0,0,0.076923,1.05,1.05,0.625,1.475,0.85,0.076923,1.05,1
wllm,tank_battle,java,,2107680757,tank_battle_game_wllm_T=0.7_rngS=2107680757_gamma=0.25,36,36,1,3,33,0,0,0,0.083333,0.2,0.2,0.15,0.25,0.1,0.083333,0.2,1
wllm,tank_battle,java,,2107680757,tank_battle_game_wllm_T=0.7_rngS=2107680757_gamma=0.5,40,40,1,2,37,1,0,0,0.05,0.2,0.2,0.15,0.25,0.1,0.05,0.2,1
wllm,tank_battle,python,,1210046855,tank_battle_game_wllm_T=0.7_rngS=1210046855_gamma=0.1,29,29,1,19,0,7,3,0,0.655172,1.863158,2.1,0.75,2.75,2.0,0.655172,1.863158,1
wllm,tank_battle,python,,1210046855,tank_battle_game_wllm_T=0.7_rngS=1210046855_gamma=0.25,32,32,1,12,1,12,7,0,0.375,0.683333,0.65,0.375,1.025,0.65,0.375,0.683333,1
wllm,tank_battle,python,,1210046855,tank_battle_game_wllm_T=0.7_rngS=1210046855_gamma=0.5,34,34,1,14,0,15,5,0,0.411765,1.142857,1.2,0.525,1.675,1.15,0.411765,1.142857,1
