watermark_method,project,language,response_points,evaluated_points,parameter_runs,Pass,BE,TE,RE,Excluded,point_pooled_pass_rate,pass_strength_mean,pass_strength_median,pass_strength_q1,pass_strength_q3,pass_strength_iqr,run_balanced_pass_rate,run_balanced_mean_pass_strength,runs_with_pass
codeip,brick_breaker,cpp,27,27,1,0,27,0,0,0,0.0,,,,,,0.0,,0
codeip,brick_breaker,java,23,23,1,1,22,0,0,0,0.043478,4.2,4.2,4.2,4.2,0.0,0.043478,4.2,1
codeip,brick_breaker,python,45,45,2,18,0,27,0,0,0.4,1.833333,1.8,0.625,2.65,2.025,0.385,1.570769,2
codeip,caro,cpp,23,23,1,9,14,0,0,0,0.391304,1.277778,1.4,0.6,1.7,1.1,0.391304,1.277778,1
codeip,caro,java,24,24,1,10,10,0,4,0,0.416667,2.17,1.9,1.1,3.15,2.05,0.416667,2.17,1
codeip,caro,python,26,26,1,4,1,20,1,0,0.153846,2.05,1.85,1.6,2.3,0.7,0.153846,2.05,1
codeip,flappy_bird,cpp,23,23,1,0,23,0,0,0,0.0,,,,,,0.0,,0
codeip,flappy_bird,java,17,17,1,3,14,0,0,0,0.176471,1.833333,1.5,1.1,2.4,1.3,0.176471,1.833333,1
codeip,flappy_bird,python,11,11,1,0,0,11,0,0,0.0,,,,,,0.0,,0
codeip,snake,cpp,27,27,1,0,27,0,0,0,0.0,,,,,,0.0,,0
codeip,snake,java,24,24,1,1,23,0,0,0,0.041667,2.7,2.7,2.7,2.7,0.0,0.041667,2.7,1
codeip,snake,python,24,24,1,1,1,22,0,0,0.041667,0.1,0.1,0.1,0.1,0.0,0.041667,0.1,1
codeip,tank_battle,cpp,15,15,1,6,9,0,0,0,0.4,0.866667,1.0,0.6,1.175,0.575,0.4,0.866667,1
codeip,tank_battle,java,30,30,1,1,29,0,0,0,0.033333,0.9,0.9,0.9,0.9,0.0,0.033333,0.9,1
codeip,tank_battle,python,28,28,1,11,2,14,1,0,0.392857,2.054545,2.3,1.05,2.7,1.65,0.392857,2.054545,1
ewd,brick_breaker,cpp,147,144,6,28,116,0,0,3,0.194444,1.832143,1.75,0.275,3.05,2.775,0.192369,1.008182,6
ewd,brick_breaker,java,210,210,6,4,203,0,3,0,0.019048,2.225,2.15,1.325,3.05,1.725,0.019322,1.95,3
ewd,brick_breaker,python,214,214,6,89,1,119,5,0,0.415888,1.617978,1.4,0.5,2.5,2.0,0.405289,1.332137,6
ewd,caro,cpp,171,171,6,62,108,1,0,0,0.362573,1.645161,1.35,0.525,2.4,1.875,0.357466,1.100833,6
ewd,caro,java,188,185,6,68,100,4,13,3,0.367568,1.833824,1.7,0.775,2.825,2.05,0.368574,1.79778,5
ewd,caro,python,246,246,6,66,6,168,6,0,0.268293,1.860606,1.75,0.8,2.6,1.8,0.26213,1.805708,6
ewd,flappy_bird,cpp,131,131,6,5,126,0,0,0,0.038168,2.42,3.1,0.6,3.2,2.6,0.033673,2.1,2
ewd,flappy_bird,java,211,211,6,29,167,8,7,0,0.137441,2.1,2.2,1.4,3.0,1.6,0.134846,1.862333,5
ewd,flappy_bird,python,247,247,6,4,0,243,0,0,0.016194,2.25,2.75,1.75,3.25,1.5,0.015901,2.266667,2
ewd,snake,cpp,221,221,6,9,212,0,0,0,0.040724,1.955556,1.9,1.8,2.3,0.5,0.041931,1.989286,2
ewd,snake,java,218,218,6,18,193,5,2,0,0.082569,1.938889,2.0,0.525,3.275,2.75,0.085414,2.45381,5
ewd,snake,python,240,240,6,55,0,184,1,0,0.229167,1.832727,1.9,0.8,2.6,1.8,0.234229,1.796389,6
ewd,tank_battle,cpp,174,174,6,30,144,0,0,0,0.172414,0.946667,0.85,0.425,1.3,0.875,0.177397,0.811508,6
ewd,tank_battle,java,221,221,6,7,211,3,0,0,0.031674,1.571429,1.7,1.3,1.85,0.55,0.030834,1.458333,3
ewd,tank_battle,python,197,197,6,58,2,109,28,0,0.294416,1.17069,0.8,0.4,1.675,1.275,0.305791,0.90682,6
stone,brick_breaker,cpp,143,143,6,13,130,0,0,0,0.090909,0.346154,0.2,0.1,0.3,0.2,0.094362,0.37,5
stone,brick_breaker,java,176,162,6,1,161,0,0,14,0.006173,0.2,0.2,0.2,0.2,0.0,0.007407,0.2,1
stone,brick_breaker,python,202,202,6,88,3,109,2,0,0.435644,1.421591,1.5,0.5,2.1,1.6,0.431636,1.404494,6
stone,caro,cpp,119,119,6,67,51,1,0,0,0.563025,1.898507,1.7,0.8,2.9,2.1,0.55099,1.490401,6
stone,caro,java,165,162,6,69,87,1,5,3,0.425926,1.868116,1.9,0.9,2.8,1.9,0.427898,1.895758,6
stone,caro,python,192,192,6,48,6,132,6,0,0.25,1.879167,1.8,0.875,2.85,1.975,0.246106,1.743578,6
stone,flappy_bird,cpp,108,108,6,8,100,0,0,0,0.074074,3.2625,3.3,2.825,3.65,0.825,0.063492,3.2625,1
stone,flappy_bird,java,193,193,6,22,159,8,4,0,0.11399,1.731818,1.5,0.575,2.45,1.875,0.121469,1.342143,5
stone,flappy_bird,python,218,205,6,10,0,195,0,13,0.04878,1.93,2.35,1.025,2.575,1.55,0.04698,1.506667,3
stone,snake,cpp,199,199,6,15,179,1,4,0,0.075377,1.84,1.5,0.3,3.3,3.0,0.077494,1.409375,4
stone,snake,java,200,200,6,25,164,5,6,0,0.125,2.04,2.1,0.8,3.0,2.2,0.123492,1.884722,6
stone,snake,python,220,220,6,49,4,165,2,0,0.222727,1.781633,1.3,0.6,3.0,2.4,0.224975,1.578214,6
stone,tank_battle,cpp,140,140,6,24,116,0,0,0,0.171429,0.970833,0.75,0.35,1.425,1.075,0.170985,0.624444,6
stone,tank_battle,java,214,214,6,5,207,2,0,0,0.023364,0.38,0.2,0.1,0.7,0.6,0.023304,0.3625,4
stone,tank_battle,python,187,184,6,93,2,74,15,3,0.505435,1.537634,1.3,0.6,2.4,1.8,0.505449,1.458558,6
sweet,brick_breaker,cpp,35,35,3,3,32,0,0,0,0.085714,0.3,0.3,0.25,0.35,0.1,0.090909,0.3,1
sweet,brick_breaker,java,58,58,3,3,55,0,0,0,0.051724,0.9,0.8,0.7,1.05,0.35,0.052795,1.0,2
sweet,brick_breaker,python,68,68,3,29,0,39,0,0,0.426471,1.141379,0.7,0.3,1.9,1.6,0.391905,0.893939,3
sweet,caro,cpp,33,33,3,23,10,0,0,0,0.69697,1.86087,1.7,1.1,2.5,1.4,0.761905,1.807407,3
sweet,caro,java,52,52,3,26,25,0,1,0,0.5,2.042308,1.65,0.85,2.925,2.075,0.492095,2.127407,3
sweet,caro,python,60,60,3,18,0,39,3,0,0.3,1.055556,0.85,0.525,1.4,0.875,0.290873,1.012698,3
sweet,flappy_bird,cpp,36,36,3,3,33,0,0,0,0.083333,0.4,0.1,0.1,0.55,0.45,0.188889,0.325,2
sweet,flappy_bird,java,58,58,3,3,55,0,0,0,0.051724,0.566667,0.6,0.35,0.8,0.45,0.044859,0.675,2
sweet,flappy_bird,python,73,64,3,1,0,63,0,9,0.015625,0.1,0.1,0.1,0.1,0.0,0.013889,0.1,1
sweet,snake,cpp,62,62,3,5,57,0,0,0,0.080645,1.94,2.6,1.0,2.8,1.8,0.089286,1.716667,2
sweet,snake,java,72,72,3,8,63,1,0,0,0.111111,1.6,1.95,0.875,2.15,1.275,0.111586,0.988889,3
sweet,snake,python,74,72,3,8,0,59,5,2,0.111111,0.9625,0.8,0.45,1.225,0.775,0.096561,0.896667,2
sweet,tank_battle,cpp,46,46,3,11,35,0,0,0,0.23913,1.109091,1.0,0.65,1.45,0.8,0.287302,1.148333,3
sweet,tank_battle,java,75,75,3,17,55,3,0,0,0.226667,0.670588,0.4,0.3,0.6,0.3,0.21372,0.580952,3
sweet,tank_battle,python,56,56,3,29,0,19,8,0,0.517857,0.889655,0.8,0.4,1.3,0.9,0.526984,0.838889,3
waterfall,brick_breaker,cpp,50,50,1,10,36,0,4,0,0.2,3.94,4.45,1.575,6.05,4.475,0.2,3.94,1
waterfall,brick_breaker,java,56,56,1,1,55,0,0,0,0.017857,11.2,11.2,11.2,11.2,0.0,0.017857,11.2,1
waterfall,brick_breaker,python,108,108,2,58,0,46,4,0,0.537037,4.456897,2.6,1.6,6.275,4.675,0.550329,4.104167,2
waterfall,caro,cpp,40,40,1,24,11,0,5,0,0.6,2.416667,1.85,0.975,3.05,2.075,0.6,2.416667,1
waterfall,caro,java,52,52,1,28,24,0,0,0,0.538462,5.053571,4.15,1.9,5.9,4.0,0.538462,5.053571,1
waterfall,caro,python,78,78,1,16,9,51,2,0,0.205128,5.06875,5.05,2.775,6.5,3.725,0.205128,5.06875,1
waterfall,flappy_bird,cpp,49,49,1,4,45,0,0,0,0.081633,0.45,0.45,0.375,0.525,0.15,0.081633,0.45,1
waterfall,flappy_bird,java,71,71,1,2,61,8,0,0,0.028169,0.3,0.3,0.25,0.35,0.1,0.028169,0.3,1
waterfall,flappy_bird,python,80,79,1,2,2,75,0,1,0.025316,3.75,3.75,3.725,3.775,0.05,0.025316,3.75,1
waterfall,snake,cpp,63,63,1,3,60,0,0,0,0.047619,1.6,2.3,1.2,2.35,1.15,0.047619,1.6,1
waterfall,snake,java,54,54,1,5,48,0,1,0,0.092593,3.44,3.3,0.7,3.4,2.7,0.092593,3.44,1
waterfall,snake,python,75,75,1,19,1,53,2,0,0.253333,4.394737,4.3,2.55,6.0,3.45,0.253333,4.394737,1
waterfall,tank_battle,cpp,45,45,1,8,36,0,1,0,0.177778,1.6875,1.95,1.05,2.425,1.375,0.177778,1.6875,1
waterfall,tank_battle,java,58,58,1,2,56,0,0,0,0.034483,4.5,4.5,4.45,4.55,0.1,0.034483,4.5,1
waterfall,tank_battle,python,58,58,1,6,26,25,1,0,0.103448,0.816667,0.95,0.375,1.225,0.85,0.103448,0.816667,1
wllm,brick_breaker,cpp,69,47,3,2,45,0,0,22,0.042553,1.95,1.95,1.925,1.975,0.05,0.058824,1.95,1
wllm,brick_breaker,java,83,83,3,3,80,0,0,0,0.036145,0.833333,0.8,0.7,0.95,0.25,0.03125,0.833333,1
wllm,brick_breaker,python,93,93,3,36,0,57,0,0,0.387097,1.322222,0.8,0.4,2.0,1.6,0.361047,1.067989,3
wllm,caro,cpp,57,57,3,16,41,0,0,0,0.280702,2.2625,2.05,1.025,3.625,2.6,0.427739,2.009259,3
wllm,caro,java,78,78,3,23,51,0,4,0,0.294872,1.856522,1.7,0.55,3.05,2.5,0.274468,1.824054,3
wllm,caro,python,93,93,3,21,3,66,3,0,0.225806,1.7,1.4,1.1,2.7,1.6,0.221157,1.785648,3
wllm,flappy_bird,cpp,49,49,3,6,43,0,0,0,0.122449,2.65,3.1,0.775,4.375,3.6,0.212319,2.655556,3
wllm,flappy_bird,java,87,87,3,5,75,3,4,0,0.057471,0.72,1.0,0.4,1.0,0.6,0.061376,0.766667,3
wllm,flappy_bird,python,97,97,3,2,0,95,0,0,0.020619,0.15,0.15,0.125,0.175,0.05,0.023137,0.15,2
wllm,snake,cpp,91,91,3,2,89,0,0,0,0.021978,0.4,0.4,0.3,0.5,0.2,0.026667,0.4,1
wllm,snake,java,93,93,3,6,83,4,0,0,0.064516,2.783333,3.15,2.225,3.775,1.55,0.062378,2.227778,3
wllm,snake,python,112,112,3,25,0,81,6,0,0.223214,2.868,3.5,1.2,3.9,2.7,0.221698,2.794372,3
wllm,tank_battle,cpp,68,68,3,17,51,0,0,0,0.25,2.135294,2.4,0.9,2.8,1.9,0.264559,1.846296,3
wllm,tank_battle,java,102,102,3,7,94,1,0,0,0.068627,0.442857,0.2,0.15,0.3,0.15,0.070085,0.483333,3
wllm,tank_battle,python,95,95,3,45,1,34,15,0,0.473684,1.324444,1.1,0.5,2.0,1.5,0.480646,1.229783,3
