unit_id,project,language,attempt,rng_seed,generation_complete,evaluator_return_code,passed,failure_stage,architecture_team_sha256,initial_repository_tree_sha256,generated_repository_tree_sha256,evidence_path,generation_report_path,evaluator_log_path
p01_snake_game_cpp,p01_snake_game,cpp,1,666643921,True,0,True,,6d38ed734a9368bde06574600fd9c5343731af32998a6c9fca8094daf7c548a3,ef91e3b7365cc187397d5f02934ea6993f8cf5af020d7ffe11b2f340baa13649,5b5e41b92271f2b077a56f524c2a383b7e49ece90a92c3b3428ec857bcce10d9,units/p01_snake_game/cpp/attempts/0001_seed_666643921/evidence.json,units/p01_snake_game/cpp/attempts/0001_seed_666643921/generation_report.json,units/p01_snake_game/cpp/attempts/0001_seed_666643921/evaluator.log
p01_snake_game_java,p01_snake_game,java,1,1332723230,True,1,False,evaluation,b87da36a36b6bd69971e6d995176137e78335c25c94068c640ec0700eb17da80,17b09efc893713621cc2223043a261a979c53df10a1ae289f96966ce2c68d94f,48aaf65efba305291a89f4afce7a8b115abcf3b75aea085d1a9ab992a247e828,units/p01_snake_game/java/attempts/0001_seed_1332723230/evidence.json,units/p01_snake_game/java/attempts/0001_seed_1332723230/generation_report.json,units/p01_snake_game/java/attempts/0001_seed_1332723230/evaluator.log
p01_snake_game_java,p01_snake_game,java,2,4227743697,True,1,False,evaluation,b87da36a36b6bd69971e6d995176137e78335c25c94068c640ec0700eb17da80,17b09efc893713621cc2223043a261a979c53df10a1ae289f96966ce2c68d94f,c7710e74e04231633e816e8331ef43acfb175c6ebda57b970a96a70cb247ef6e,units/p01_snake_game/java/attempts/0002_seed_4227743697/evidence.json,units/p01_snake_game/java/attempts/0002_seed_4227743697/generation_report.json,units/p01_snake_game/java/attempts/0002_seed_4227743697/evaluator.log
p01_snake_game_java,p01_snake_game,java,3,3746296423,True,1,False,evaluation,b87da36a36b6bd69971e6d995176137e78335c25c94068c640ec0700eb17da80,17b09efc893713621cc2223043a261a979c53df10a1ae289f96966ce2c68d94f,cc9d9a7529af2ad07b1427a5117e6010361a27da91596c3bae0bc14b75254adb,units/p01_snake_game/java/attempts/0003_seed_3746296423/evidence.json,units/p01_snake_game/java/attempts/0003_seed_3746296423/generation_report.json,units/p01_snake_game/java/attempts/0003_seed_3746296423/evaluator.log
p01_snake_game_java,p01_snake_game,java,4,1082638472,True,0,True,,b87da36a36b6bd69971e6d995176137e78335c25c94068c640ec0700eb17da80,17b09efc893713621cc2223043a261a979c53df10a1ae289f96966ce2c68d94f,a31e4695b9294bffc9600ec841d3add954a1159d39c13562273fa34a8df65024,units/p01_snake_game/java/attempts/0004_seed_1082638472/evidence.json,units/p01_snake_game/java/attempts/0004_seed_1082638472/generation_report.json,units/p01_snake_game/java/attempts/0004_seed_1082638472/evaluator.log
p01_snake_game_python,p01_snake_game,python,1,3736547328,True,0,True,,d950dbbda42eb848e2889512d2584d5ab0ffe0660cc65464df972c66b55fa13f,3df97d956cf316cabd5a608b61c85435c8f77ec5217bbae9d50be4d15c01a201,496795243aab2e951d3b292f03ba021e32b3702cacf9f2e730e3c17426509ad3,units/p01_snake_game/python/attempts/0001_seed_3736547328/evidence.json,units/p01_snake_game/python/attempts/0001_seed_3736547328/generation_report.json,units/p01_snake_game/python/attempts/0001_seed_3736547328/evaluator.log
p02_flappy_bird_game_cpp,p02_flappy_bird_game,cpp,1,1944687455,True,2,False,evaluation,ced24fb585f3f7def95b013caeedb1913a630242951b199cdc7445e7491d6193,789c1efa82bb2d855bc96a93855d72b96f359cd2e3148d56d0a7055da274e1ea,bc9e8a9c26d2b2b4455397e21b7f2bb33d4749ab95a9d2cd5bd607d9b1afe819,units/p02_flappy_bird_game/cpp/attempts/0001_seed_1944687455/evidence.json,units/p02_flappy_bird_game/cpp/attempts/0001_seed_1944687455/generation_report.json,units/p02_flappy_bird_game/cpp/attempts/0001_seed_1944687455/evaluator.log
p02_flappy_bird_game_cpp,p02_flappy_bird_game,cpp,2,209523865,True,2,False,evaluation,ced24fb585f3f7def95b013caeedb1913a630242951b199cdc7445e7491d6193,789c1efa82bb2d855bc96a93855d72b96f359cd2e3148d56d0a7055da274e1ea,e7916759e0c454464eb55fae8ef7aa9aef2e4555c2a37aa11d25da4934c998d2,units/p02_flappy_bird_game/cpp/attempts/0002_seed_209523865/evidence.json,units/p02_flappy_bird_game/cpp/attempts/0002_seed_209523865/generation_report.json,units/p02_flappy_bird_game/cpp/attempts/0002_seed_209523865/evaluator.log
p02_flappy_bird_game_cpp,p02_flappy_bird_game,cpp,3,1192725353,True,0,True,,ced24fb585f3f7def95b013caeedb1913a630242951b199cdc7445e7491d6193,789c1efa82bb2d855bc96a93855d72b96f359cd2e3148d56d0a7055da274e1ea,e2d040aa189501202d472665d813df5adeb01e9c26cff3d91e42a55a049bd4b6,units/p02_flappy_bird_game/cpp/attempts/0003_seed_1192725353/evidence.json,units/p02_flappy_bird_game/cpp/attempts/0003_seed_1192725353/generation_report.json,units/p02_flappy_bird_game/cpp/attempts/0003_seed_1192725353/evaluator.log
p02_flappy_bird_game_java,p02_flappy_bird_game,java,1,2540127563,True,0,True,,8b0e52ae4c7090b792426c2e147b798b0d72baea83f9a3a8004de06284cf07a6,ca2e767a2d612062c7dd90f65673ebe261073c15968abe9b81979e8054181e5d,87079929a3f84dc84c3c9f630e60a92f37faed60a5bcc2d5b97408f570a50b80,units/p02_flappy_bird_game/java/attempts/0001_seed_2540127563/evidence.json,units/p02_flappy_bird_game/java/attempts/0001_seed_2540127563/generation_report.json,units/p02_flappy_bird_game/java/attempts/0001_seed_2540127563/evaluator.log
p02_flappy_bird_game_python,p02_flappy_bird_game,python,1,2343678053,True,1,False,evaluation,0199e47687655dee3c403fcbe05c29a39e70ded3d5393dadb1ce32edc3b308d5,095bed916afa7128f477c33dd1ec5e3fdb73cb91a6ba31fbacacd301f87f39b0,482cbbfe8edec08aaba234f08f63bf70766a7891811db9648e825a357e1dfb29,units/p02_flappy_bird_game/python/attempts/0001_seed_2343678053/evidence.json,units/p02_flappy_bird_game/python/attempts/0001_seed_2343678053/generation_report.json,units/p02_flappy_bird_game/python/attempts/0001_seed_2343678053/evaluator.log
p02_flappy_bird_game_python,p02_flappy_bird_game,python,2,3131337434,True,2,False,evaluation,0199e47687655dee3c403fcbe05c29a39e70ded3d5393dadb1ce32edc3b308d5,095bed916afa7128f477c33dd1ec5e3fdb73cb91a6ba31fbacacd301f87f39b0,e8e206428b6831b3e7fbf9f80119e28914dc8fc73eba2607d28befa59999b5bb,units/p02_flappy_bird_game/python/attempts/0002_seed_3131337434/evidence.json,units/p02_flappy_bird_game/python/attempts/0002_seed_3131337434/generation_report.json,units/p02_flappy_bird_game/python/attempts/0002_seed_3131337434/evaluator.log
p02_flappy_bird_game_python,p02_flappy_bird_game,python,3,679664151,True,1,False,evaluation,0199e47687655dee3c403fcbe05c29a39e70ded3d5393dadb1ce32edc3b308d5,095bed916afa7128f477c33dd1ec5e3fdb73cb91a6ba31fbacacd301f87f39b0,0fafeed4d5f2d2aeace0f04de80de487f024bd2fcba22cbf1a814fc30e8b5ccb,units/p02_flappy_bird_game/python/attempts/0003_seed_679664151/evidence.json,units/p02_flappy_bird_game/python/attempts/0003_seed_679664151/generation_report.json,units/p02_flappy_bird_game/python/attempts/0003_seed_679664151/evaluator.log
p02_flappy_bird_game_python,p02_flappy_bird_game,python,4,359880623,True,2,False,evaluation,0199e47687655dee3c403fcbe05c29a39e70ded3d5393dadb1ce32edc3b308d5,095bed916afa7128f477c33dd1ec5e3fdb73cb91a6ba31fbacacd301f87f39b0,26ef4ad77ba98e3af842046bcf024011ed3056727a5b6b262964a0d8044bd97d,units/p02_flappy_bird_game/python/attempts/0004_seed_359880623/evidence.json,units/p02_flappy_bird_game/python/attempts/0004_seed_359880623/generation_report.json,units/p02_flappy_bird_game/python/attempts/0004_seed_359880623/evaluator.log
p02_flappy_bird_game_python,p02_flappy_bird_game,python,5,3968137087,True,1,False,evaluation,0199e47687655dee3c403fcbe05c29a39e70ded3d5393dadb1ce32edc3b308d5,095bed916afa7128f477c33dd1ec5e3fdb73cb91a6ba31fbacacd301f87f39b0,29e8032d7781404090ef3acb8d3df1dcb41ee9b15cc5a7d2865b94b4185618b6,units/p02_flappy_bird_game/python/attempts/0005_seed_3968137087/evidence.json,units/p02_flappy_bird_game/python/attempts/0005_seed_3968137087/generation_report.json,units/p02_flappy_bird_game/python/attempts/0005_seed_3968137087/evaluator.log
p02_flappy_bird_game_python,p02_flappy_bird_game,python,6,1298988375,True,0,True,,0199e47687655dee3c403fcbe05c29a39e70ded3d5393dadb1ce32edc3b308d5,095bed916afa7128f477c33dd1ec5e3fdb73cb91a6ba31fbacacd301f87f39b0,d948afc91c63a16cf4f4554e8923ab9e9a4039cb8fe1c498c79ae3d38fe6375b,units/p02_flappy_bird_game/python/attempts/0006_seed_1298988375/evidence.json,units/p02_flappy_bird_game/python/attempts/0006_seed_1298988375/generation_report.json,units/p02_flappy_bird_game/python/attempts/0006_seed_1298988375/evaluator.log
p03_game_2048_cpp,p03_game_2048,cpp,1,1673168053,True,0,True,,f822e69d7c5c07a133e0431d9c1d70eb643f8378b2cc9e3a3ffda2ad39cb3f1b,f210e65cf8384620a9ced892f3f0183a4f5fb6899c6e87d8cbbfaee443125c84,4c293f7fd9195135901886bca5a4ef4b52a20d8b153bc0c70f37fa4bbeb9e79d,units/p03_game_2048/cpp/attempts/0001_seed_1673168053/evidence.json,units/p03_game_2048/cpp/attempts/0001_seed_1673168053/generation_report.json,units/p03_game_2048/cpp/attempts/0001_seed_1673168053/evaluator.log
p03_game_2048_java,p03_game_2048,java,1,887850646,True,0,True,,f8f397b2e0ad180d5b702d1aea82987017d02c69b07953f0003c97b2407f41d3,8427109f247a02d66e4f3de4bb7b59a776c0187140a90720627d292cb178ae8c,0dd1c2b3880ee6451c550500fc5a5c0fc6da43bc17cbd307109c256aec8ec073,units/p03_game_2048/java/attempts/0001_seed_887850646/evidence.json,units/p03_game_2048/java/attempts/0001_seed_887850646/generation_report.json,units/p03_game_2048/java/attempts/0001_seed_887850646/evaluator.log
p03_game_2048_python,p03_game_2048,python,1,3935857006,True,1,False,evaluation,dc0c4677df912f39dc9ab08d5364a3fc7e9f333e50bc4b33b4f3a0ad8589577a,e4a0f80a91dee6a2acc2075f923d890b07041bf7e01b5125c4b4cc3149373901,4a3c79a958135c5c4ebc157d8377303b180430915c099cffdf59739b0ea79e69,units/p03_game_2048/python/attempts/0001_seed_3935857006/evidence.json,units/p03_game_2048/python/attempts/0001_seed_3935857006/generation_report.json,units/p03_game_2048/python/attempts/0001_seed_3935857006/evaluator.log
p03_game_2048_python,p03_game_2048,python,2,100489887,True,0,True,,dc0c4677df912f39dc9ab08d5364a3fc7e9f333e50bc4b33b4f3a0ad8589577a,e4a0f80a91dee6a2acc2075f923d890b07041bf7e01b5125c4b4cc3149373901,1f3e6c600235bf7d225f1473f7230c0fac237a2e2150855c1f8e905ea8ca4a5f,units/p03_game_2048/python/attempts/0002_seed_100489887/evidence.json,units/p03_game_2048/python/attempts/0002_seed_100489887/generation_report.json,units/p03_game_2048/python/attempts/0002_seed_100489887/evaluator.log
p04_caro_game_cpp,p04_caro_game,cpp,1,3040666590,True,2,False,evaluation,fd330e36d71a5ce72db57a15088c1b3196b620a3efb3f93baf9314a424c5925f,553108e7eab6a4db093e04c9f9d1f7434fa4012d12d330c44e0987511f9513a1,10b994dea90c61fab18d34a9bb2af3be0ed3ac1a175cc32616ccf3501a8878e8,units/p04_caro_game/cpp/attempts/0001_seed_3040666590/evidence.json,units/p04_caro_game/cpp/attempts/0001_seed_3040666590/generation_report.json,units/p04_caro_game/cpp/attempts/0001_seed_3040666590/evaluator.log
p04_caro_game_cpp,p04_caro_game,cpp,2,2505762387,True,1,False,evaluation,fd330e36d71a5ce72db57a15088c1b3196b620a3efb3f93baf9314a424c5925f,553108e7eab6a4db093e04c9f9d1f7434fa4012d12d330c44e0987511f9513a1,82b3b4a2a714a2978d90d1935fc1c388fed4e15a413a0d29f8ac53acf44278c9,units/p04_caro_game/cpp/attempts/0002_seed_2505762387/evidence.json,units/p04_caro_game/cpp/attempts/0002_seed_2505762387/generation_report.json,units/p04_caro_game/cpp/attempts/0002_seed_2505762387/evaluator.log
p04_caro_game_cpp,p04_caro_game,cpp,3,4049878797,True,2,False,evaluation,fd330e36d71a5ce72db57a15088c1b3196b620a3efb3f93baf9314a424c5925f,553108e7eab6a4db093e04c9f9d1f7434fa4012d12d330c44e0987511f9513a1,bd0e9dfeed0267b37bf979e060284f7e9e538c3503db8d55ed0017e6f637f277,units/p04_caro_game/cpp/attempts/0003_seed_4049878797/evidence.json,units/p04_caro_game/cpp/attempts/0003_seed_4049878797/generation_report.json,units/p04_caro_game/cpp/attempts/0003_seed_4049878797/evaluator.log
p04_caro_game_cpp,p04_caro_game,cpp,4,3838723605,True,2,False,evaluation,fd330e36d71a5ce72db57a15088c1b3196b620a3efb3f93baf9314a424c5925f,553108e7eab6a4db093e04c9f9d1f7434fa4012d12d330c44e0987511f9513a1,1ef1f3b25d437a132a7eb1d42c14f421dc9c44333bde691295837b54ad440897,units/p04_caro_game/cpp/attempts/0004_seed_3838723605/evidence.json,units/p04_caro_game/cpp/attempts/0004_seed_3838723605/generation_report.json,units/p04_caro_game/cpp/attempts/0004_seed_3838723605/evaluator.log
p04_caro_game_cpp,p04_caro_game,cpp,5,4057175273,True,2,False,evaluation,fd330e36d71a5ce72db57a15088c1b3196b620a3efb3f93baf9314a424c5925f,553108e7eab6a4db093e04c9f9d1f7434fa4012d12d330c44e0987511f9513a1,87a72d7b0af7e397368e49072fb6621cca69f53070b06ab785e021a554da53c0,units/p04_caro_game/cpp/attempts/0005_seed_4057175273/evidence.json,units/p04_caro_game/cpp/attempts/0005_seed_4057175273/generation_report.json,units/p04_caro_game/cpp/attempts/0005_seed_4057175273/evaluator.log
p04_caro_game_cpp,p04_caro_game,cpp,6,1922813371,True,0,True,,fd330e36d71a5ce72db57a15088c1b3196b620a3efb3f93baf9314a424c5925f,553108e7eab6a4db093e04c9f9d1f7434fa4012d12d330c44e0987511f9513a1,e79c288bfbb4d0651ce0c10743cee6651b6d2d79b58b7d934ba074eca453218a,units/p04_caro_game/cpp/attempts/0006_seed_1922813371/evidence.json,units/p04_caro_game/cpp/attempts/0006_seed_1922813371/generation_report.json,units/p04_caro_game/cpp/attempts/0006_seed_1922813371/evaluator.log
p04_caro_game_java,p04_caro_game,java,1,3365300451,True,0,True,,7277a4988d707a85f7f7fd80ba9d050f787d023d3c2b541ea6d7774281cc43d7,679157bf7200c11344648fce11f484f5cfa3d2c3d8671edc7dd689187df6d161,774617320bf0f766c26d3bb7b58276677f4c09d428ec86bb8726c81d33f1793f,units/p04_caro_game/java/attempts/0001_seed_3365300451/evidence.json,units/p04_caro_game/java/attempts/0001_seed_3365300451/generation_report.json,units/p04_caro_game/java/attempts/0001_seed_3365300451/evaluator.log
p04_caro_game_python,p04_caro_game,python,1,812711061,True,0,True,,8ab8042fa8dc789cad1d74394df431bf9753d27f1d6d5d91c944f6e183c699fe,6a84d4151b099130cc1a4fa14cd11745b8252576094922a8fe6deaf5e8d11492,072e62e72219ae7e60f8d5af8d3c486dd876ea10236fd00ad20a2449eb77edcf,units/p04_caro_game/python/attempts/0001_seed_812711061/evidence.json,units/p04_caro_game/python/attempts/0001_seed_812711061/generation_report.json,units/p04_caro_game/python/attempts/0001_seed_812711061/evaluator.log
p05_brick_breaker_game_cpp,p05_brick_breaker_game,cpp,1,1069936465,True,2,False,evaluation,ca42b769e11a04a99e246503fb81f240028f04967e3cc3b602cc2a2993e71f10,2ecfdec83a7e479ec5320e6c91bc24d755a2b64f11643a85cd6f7f3aacc86871,54437913be11c160eab2f38aabfa9f50a9e46aa838b29be8188d4b14c7debbc3,units/p05_brick_breaker_game/cpp/attempts/0001_seed_1069936465/evidence.json,units/p05_brick_breaker_game/cpp/attempts/0001_seed_1069936465/generation_report.json,units/p05_brick_breaker_game/cpp/attempts/0001_seed_1069936465/evaluator.log
p05_brick_breaker_game_cpp,p05_brick_breaker_game,cpp,2,1300987923,True,0,True,,ca42b769e11a04a99e246503fb81f240028f04967e3cc3b602cc2a2993e71f10,2ecfdec83a7e479ec5320e6c91bc24d755a2b64f11643a85cd6f7f3aacc86871,811246bff959b77781ffba3734f845d4a883bec235806bfbdbd174d2cc092f2a,units/p05_brick_breaker_game/cpp/attempts/0002_seed_1300987923/evidence.json,units/p05_brick_breaker_game/cpp/attempts/0002_seed_1300987923/generation_report.json,units/p05_brick_breaker_game/cpp/attempts/0002_seed_1300987923/evaluator.log
p05_brick_breaker_game_java,p05_brick_breaker_game,java,1,2697919693,True,0,True,,fd409171b75f9ae34cee44c935e48b5236c55f6661e9e0eba1a17f0c60cd328c,96dc22fff13aa590bf8239bc10a48598f9f6122b23f098e7c4e2522d4728d6b3,7ef8c5f42307dfa7ad4f827dff3ab688b28d9cbb2457f349a5e486e4a8c8510e,units/p05_brick_breaker_game/java/attempts/0001_seed_2697919693/evidence.json,units/p05_brick_breaker_game/java/attempts/0001_seed_2697919693/generation_report.json,units/p05_brick_breaker_game/java/attempts/0001_seed_2697919693/evaluator.log
p05_brick_breaker_game_python,p05_brick_breaker_game,python,1,4156409372,True,2,False,evaluation,a4cefc0c1231e6b901c0ac7efe530e1ef103e3dc4a7a104cf50bfa87d77ddf18,ad7d539e617ae41522af8511de831af3c6c6228ab8e18e2637278083d67113bd,985c799da078681b8786461cb5055d23649c713e22dad2ccf89857e171cdb6b6,units/p05_brick_breaker_game/python/attempts/0001_seed_4156409372/evidence.json,units/p05_brick_breaker_game/python/attempts/0001_seed_4156409372/generation_report.json,units/p05_brick_breaker_game/python/attempts/0001_seed_4156409372/evaluator.log
p05_brick_breaker_game_python,p05_brick_breaker_game,python,2,3996841867,True,1,False,evaluation,a4cefc0c1231e6b901c0ac7efe530e1ef103e3dc4a7a104cf50bfa87d77ddf18,ad7d539e617ae41522af8511de831af3c6c6228ab8e18e2637278083d67113bd,64887954833f59efbe1a2e1b24ca561c5e5e884519eaa84e01fa2e7999a76a66,units/p05_brick_breaker_game/python/attempts/0002_seed_3996841867/evidence.json,units/p05_brick_breaker_game/python/attempts/0002_seed_3996841867/generation_report.json,units/p05_brick_breaker_game/python/attempts/0002_seed_3996841867/evaluator.log
p05_brick_breaker_game_python,p05_brick_breaker_game,python,3,3615039475,True,2,False,evaluation,a4cefc0c1231e6b901c0ac7efe530e1ef103e3dc4a7a104cf50bfa87d77ddf18,ad7d539e617ae41522af8511de831af3c6c6228ab8e18e2637278083d67113bd,3349a7131131510fc1ec4e47bb8fd6485b99bc006f87f6ed2e81e0946d13763f,units/p05_brick_breaker_game/python/attempts/0003_seed_3615039475/evidence.json,units/p05_brick_breaker_game/python/attempts/0003_seed_3615039475/generation_report.json,units/p05_brick_breaker_game/python/attempts/0003_seed_3615039475/evaluator.log
p05_brick_breaker_game_python,p05_brick_breaker_game,python,4,544923765,True,2,False,evaluation,a4cefc0c1231e6b901c0ac7efe530e1ef103e3dc4a7a104cf50bfa87d77ddf18,ad7d539e617ae41522af8511de831af3c6c6228ab8e18e2637278083d67113bd,c31ab4d9015349d725d6b6d2bb7609c60960a15673d04a9d374067d33e180009,units/p05_brick_breaker_game/python/attempts/0004_seed_544923765/evidence.json,units/p05_brick_breaker_game/python/attempts/0004_seed_544923765/generation_report.json,units/p05_brick_breaker_game/python/attempts/0004_seed_544923765/evaluator.log
p05_brick_breaker_game_python,p05_brick_breaker_game,python,5,2846781535,True,1,False,evaluation,a4cefc0c1231e6b901c0ac7efe530e1ef103e3dc4a7a104cf50bfa87d77ddf18,ad7d539e617ae41522af8511de831af3c6c6228ab8e18e2637278083d67113bd,7116b4cad32cf817582fba6be5f0b138bc6182bc69630bb5106322ab4524eb45,units/p05_brick_breaker_game/python/attempts/0005_seed_2846781535/evidence.json,units/p05_brick_breaker_game/python/attempts/0005_seed_2846781535/generation_report.json,units/p05_brick_breaker_game/python/attempts/0005_seed_2846781535/evaluator.log
p05_brick_breaker_game_python,p05_brick_breaker_game,python,6,3690566238,True,2,False,evaluation,a4cefc0c1231e6b901c0ac7efe530e1ef103e3dc4a7a104cf50bfa87d77ddf18,ad7d539e617ae41522af8511de831af3c6c6228ab8e18e2637278083d67113bd,67982dcfcb6244e4c9bd76a12a9e8a0d0c3ba437b23f73522948c3c005fe7e05,units/p05_brick_breaker_game/python/attempts/0006_seed_3690566238/evidence.json,units/p05_brick_breaker_game/python/attempts/0006_seed_3690566238/generation_report.json,units/p05_brick_breaker_game/python/attempts/0006_seed_3690566238/evaluator.log
p05_brick_breaker_game_python,p05_brick_breaker_game,python,7,408113274,True,1,False,evaluation,a4cefc0c1231e6b901c0ac7efe530e1ef103e3dc4a7a104cf50bfa87d77ddf18,ad7d539e617ae41522af8511de831af3c6c6228ab8e18e2637278083d67113bd,c25fda66003b6c10d8b05f36a7a65f181095b25da5662edc43213ec14748f8c0,units/p05_brick_breaker_game/python/attempts/0007_seed_408113274/evidence.json,units/p05_brick_breaker_game/python/attempts/0007_seed_408113274/generation_report.json,units/p05_brick_breaker_game/python/attempts/0007_seed_408113274/evaluator.log
p05_brick_breaker_game_python,p05_brick_breaker_game,python,8,758141799,True,1,False,evaluation,a4cefc0c1231e6b901c0ac7efe530e1ef103e3dc4a7a104cf50bfa87d77ddf18,ad7d539e617ae41522af8511de831af3c6c6228ab8e18e2637278083d67113bd,160255b437c81f7e7cc8dd9fb086b417c119e35e9d296ab83295b8c99b9c16ca,units/p05_brick_breaker_game/python/attempts/0008_seed_758141799/evidence.json,units/p05_brick_breaker_game/python/attempts/0008_seed_758141799/generation_report.json,units/p05_brick_breaker_game/python/attempts/0008_seed_758141799/evaluator.log
p05_brick_breaker_game_python,p05_brick_breaker_game,python,9,1113104341,True,2,False,evaluation,a4cefc0c1231e6b901c0ac7efe530e1ef103e3dc4a7a104cf50bfa87d77ddf18,ad7d539e617ae41522af8511de831af3c6c6228ab8e18e2637278083d67113bd,7c7218d64adac6e2be4bdb0a5b3d61fcfb35ddc7e0386fcfe66d67cdd1d763a3,units/p05_brick_breaker_game/python/attempts/0009_seed_1113104341/evidence.json,units/p05_brick_breaker_game/python/attempts/0009_seed_1113104341/generation_report.json,units/p05_brick_breaker_game/python/attempts/0009_seed_1113104341/evaluator.log
p05_brick_breaker_game_python,p05_brick_breaker_game,python,10,563137701,True,1,False,evaluation,a4cefc0c1231e6b901c0ac7efe530e1ef103e3dc4a7a104cf50bfa87d77ddf18,ad7d539e617ae41522af8511de831af3c6c6228ab8e18e2637278083d67113bd,96626579453f10e7fe86284ec6379c09e570e013d48a4ee9c5ced62a27c6aec3,units/p05_brick_breaker_game/python/attempts/0010_seed_563137701/evidence.json,units/p05_brick_breaker_game/python/attempts/0010_seed_563137701/generation_report.json,units/p05_brick_breaker_game/python/attempts/0010_seed_563137701/evaluator.log
p05_brick_breaker_game_python,p05_brick_breaker_game,python,11,3738517063,True,1,False,evaluation,a4cefc0c1231e6b901c0ac7efe530e1ef103e3dc4a7a104cf50bfa87d77ddf18,ad7d539e617ae41522af8511de831af3c6c6228ab8e18e2637278083d67113bd,09aa7226a82595fe411e4069f9ec3d1f80d08e9d8166e1c0cb4f5dbbe4c5da7e,units/p05_brick_breaker_game/python/attempts/0011_seed_3738517063/evidence.json,units/p05_brick_breaker_game/python/attempts/0011_seed_3738517063/generation_report.json,units/p05_brick_breaker_game/python/attempts/0011_seed_3738517063/evaluator.log
p05_brick_breaker_game_python,p05_brick_breaker_game,python,12,3336081195,True,1,False,evaluation,a4cefc0c1231e6b901c0ac7efe530e1ef103e3dc4a7a104cf50bfa87d77ddf18,ad7d539e617ae41522af8511de831af3c6c6228ab8e18e2637278083d67113bd,5e90d70772f77c1090a773391e40f12b0bed8dc84da23999fccf8001409f689f,units/p05_brick_breaker_game/python/attempts/0012_seed_3336081195/evidence.json,units/p05_brick_breaker_game/python/attempts/0012_seed_3336081195/generation_report.json,units/p05_brick_breaker_game/python/attempts/0012_seed_3336081195/evaluator.log
p05_brick_breaker_game_python,p05_brick_breaker_game,python,13,432197098,True,0,True,,a4cefc0c1231e6b901c0ac7efe530e1ef103e3dc4a7a104cf50bfa87d77ddf18,ad7d539e617ae41522af8511de831af3c6c6228ab8e18e2637278083d67113bd,6a484d79c440b210e5042e786683331f4bd0117687ebd8c91caab4a60412a453,units/p05_brick_breaker_game/python/attempts/0013_seed_432197098/evidence.json,units/p05_brick_breaker_game/python/attempts/0013_seed_432197098/generation_report.json,units/p05_brick_breaker_game/python/attempts/0013_seed_432197098/evaluator.log
p06_tank_battle_game_cpp,p06_tank_battle_game,cpp,1,3631673466,True,2,False,evaluation,1dee866f73858b8d671c2bdd6385f3832d968dcab058184d0338e3cffda421d7,a95f2649922d966ddab89d56f3efa2b070fd6fbff54bfda133f5f253b665805f,53e9c18c8102f8e636fc3025adfb8d57116fd0217ebd2d578a9e5a39cde7ecbb,units/p06_tank_battle_game/cpp/attempts/0001_seed_3631673466/evidence.json,units/p06_tank_battle_game/cpp/attempts/0001_seed_3631673466/generation_report.json,units/p06_tank_battle_game/cpp/attempts/0001_seed_3631673466/evaluator.log
p06_tank_battle_game_cpp,p06_tank_battle_game,cpp,2,2867542341,True,2,False,evaluation,1dee866f73858b8d671c2bdd6385f3832d968dcab058184d0338e3cffda421d7,a95f2649922d966ddab89d56f3efa2b070fd6fbff54bfda133f5f253b665805f,32a967789f9020de11a70ab7d5fcc6fbe3e0f3f3db99dafa43a5b596fd8c7de7,units/p06_tank_battle_game/cpp/attempts/0002_seed_2867542341/evidence.json,units/p06_tank_battle_game/cpp/attempts/0002_seed_2867542341/generation_report.json,units/p06_tank_battle_game/cpp/attempts/0002_seed_2867542341/evaluator.log
p06_tank_battle_game_cpp,p06_tank_battle_game,cpp,3,1423652811,True,0,True,,1dee866f73858b8d671c2bdd6385f3832d968dcab058184d0338e3cffda421d7,a95f2649922d966ddab89d56f3efa2b070fd6fbff54bfda133f5f253b665805f,3a785db9ad605ab99fddf0db4b9166843e19f6290afe3488984c00f2578b8a36,units/p06_tank_battle_game/cpp/attempts/0003_seed_1423652811/evidence.json,units/p06_tank_battle_game/cpp/attempts/0003_seed_1423652811/generation_report.json,units/p06_tank_battle_game/cpp/attempts/0003_seed_1423652811/evaluator.log
p06_tank_battle_game_java,p06_tank_battle_game,java,1,573870900,True,0,True,,ffd84b34deb72ac8b8cca4a83df026458047e882d4d6b81a1c38f6e441008c6b,1153b64a6e6f4932afddc146fd8b710c0329067a713e6bbea73cff37100ffc9c,75345bdf6caa02525a9180fe39d15a963229a4e0fd48247da9f5416f4cbf329b,units/p06_tank_battle_game/java/attempts/0001_seed_573870900/evidence.json,units/p06_tank_battle_game/java/attempts/0001_seed_573870900/generation_report.json,units/p06_tank_battle_game/java/attempts/0001_seed_573870900/evaluator.log
p06_tank_battle_game_python,p06_tank_battle_game,python,1,687686819,True,1,False,evaluation,eccf1d8d0c25fc9135ec4977f6c34f89c8d889962f86b0a5ee02346c5b6aea66,f2fdc4e833ef90520909a0fc2cc6fa88887200260784d2709f26e4605dd8d515,332da12b8f1325ec0dfee34aa2169f97d06c3fcee2f5a07216b5f5a47f9d4c43,units/p06_tank_battle_game/python/attempts/0001_seed_687686819/evidence.json,units/p06_tank_battle_game/python/attempts/0001_seed_687686819/generation_report.json,units/p06_tank_battle_game/python/attempts/0001_seed_687686819/evaluator.log
p06_tank_battle_game_python,p06_tank_battle_game,python,2,2408978515,True,0,True,,eccf1d8d0c25fc9135ec4977f6c34f89c8d889962f86b0a5ee02346c5b6aea66,f2fdc4e833ef90520909a0fc2cc6fa88887200260784d2709f26e4605dd8d515,b3f92e2b6404b4ebe9e2564a80f30f946c821a1520c98b6c43a1e24a176a6a4c,units/p06_tank_battle_game/python/attempts/0002_seed_2408978515/evidence.json,units/p06_tank_battle_game/python/attempts/0002_seed_2408978515/generation_report.json,units/p06_tank_battle_game/python/attempts/0002_seed_2408978515/evaluator.log
p07_calculator_cpp,p07_calculator,cpp,1,3978176900,True,0,True,,6f7e137031b1f55acf336cea35297407e6ab234e3faac823f7b26911d2ea96ef,87e941936ed77433f9fdea506620d7928fbbd71c834e4905443b6a080c556b54,867f4841a29a22debe0bbc2043e4fcb8231282cecceac8d29fb4374b71067d26,units/p07_calculator/cpp/attempts/0001_seed_3978176900/evidence.json,units/p07_calculator/cpp/attempts/0001_seed_3978176900/generation_report.json,units/p07_calculator/cpp/attempts/0001_seed_3978176900/evaluator.log
p07_calculator_java,p07_calculator,java,1,1570566783,True,0,True,,5ac9209cf64e5f3ee76152de30272816532264cc2344a68cf2de98661dfd6e39,f9f69c3db2124382ef683f3c011826ae6aac36bf0136f84e3e8971d594030310,d77dcbb3382d1c4095bf79d35b24bae7b218e572e143a7a69242285b2fbde71c,units/p07_calculator/java/attempts/0001_seed_1570566783/evidence.json,units/p07_calculator/java/attempts/0001_seed_1570566783/generation_report.json,units/p07_calculator/java/attempts/0001_seed_1570566783/evaluator.log
p07_calculator_python,p07_calculator,python,1,2130722843,True,1,False,evaluation,e96b5fb247b1c963b6cd998968bb38bd2f670e05ea6f2dba13cff27268a0060d,92331112008fb3d4a76c77950cab888a387716c25b5cd421a055786355e57407,33408a981e2fbea6281249f3c39201993cf6652c9ea849d4d167bdbfae9bf836,units/p07_calculator/python/attempts/0001_seed_2130722843/evidence.json,units/p07_calculator/python/attempts/0001_seed_2130722843/generation_report.json,units/p07_calculator/python/attempts/0001_seed_2130722843/evaluator.log
p07_calculator_python,p07_calculator,python,2,2109135578,True,0,True,,e96b5fb247b1c963b6cd998968bb38bd2f670e05ea6f2dba13cff27268a0060d,92331112008fb3d4a76c77950cab888a387716c25b5cd421a055786355e57407,a254015796c97ffdc2303d183107449afc979495b1c84a894b3dc7f00659274e,units/p07_calculator/python/attempts/0002_seed_2109135578/evidence.json,units/p07_calculator/python/attempts/0002_seed_2109135578/generation_report.json,units/p07_calculator/python/attempts/0002_seed_2109135578/evaluator.log
p08_excel_data_processing_cpp,p08_excel_data_processing,cpp,1,3698866069,True,0,True,,ba0b641569ac16a5d80e47d25a412b770de8095e130b9a26b33ec5aaf8c2bfe7,5a5753d175b32152824f3ccb39979593d0cae1b40a7e636fe57ed5cf54460583,b9d65674dc5d9d5fc4432e0462eac2d38b8db0c3d3f63db3556b3272ceb28a10,units/p08_excel_data_processing/cpp/attempts/0001_seed_3698866069/evidence.json,units/p08_excel_data_processing/cpp/attempts/0001_seed_3698866069/generation_report.json,units/p08_excel_data_processing/cpp/attempts/0001_seed_3698866069/evaluator.log
p08_excel_data_processing_java,p08_excel_data_processing,java,1,290543147,True,0,True,,306fbfbd9341437f7f9047d8a21c3b01a199fa95a267f35e2c149a2b60e96ee9,c1598dd12b3951e34e1f1adf712022e597a4c2949fa6eca2c67f65379042efeb,34299218afed51c58d11ec3dbd88b0fc9981130a4dc29dab8730ec3dfa55238b,units/p08_excel_data_processing/java/attempts/0001_seed_290543147/evidence.json,units/p08_excel_data_processing/java/attempts/0001_seed_290543147/generation_report.json,units/p08_excel_data_processing/java/attempts/0001_seed_290543147/evaluator.log
p08_excel_data_processing_python,p08_excel_data_processing,python,1,306770503,True,0,True,,62f48ba9a7452cff9d1a85d6f40eea424f63c5f74b246b7cabf8db13ec347c24,e5d94dfc91d10f4b22c5914180c616f3873d0395282d79e28e08efa17f4123a6,640fd62a10b79cc789eb65d8f174a68b757f66b5d7f8bd953f6bea7e76c3bdff,units/p08_excel_data_processing/python/attempts/0001_seed_306770503/evidence.json,units/p08_excel_data_processing/python/attempts/0001_seed_306770503/generation_report.json,units/p08_excel_data_processing/python/attempts/0001_seed_306770503/evaluator.log
p09_qr_code_gen_det_cpp,p09_qr_code_gen_det,cpp,1,1592856389,True,8,False,evaluation,e45b9a7c66533f526b9dd5fbad1980d56e48f6e2a9e19381edc6ecf107c46fcc,a9386ca25780fedc7ba5c7635a3628f7610bf5c2f6c7666dc541485879fe7e8f,94dea022c802274e085bd8b286ee2c02081ada56007dbec8799360a8d0a61ab1,units/p09_qr_code_gen_det/cpp/attempts/0001_seed_1592856389/evidence.json,units/p09_qr_code_gen_det/cpp/attempts/0001_seed_1592856389/generation_report.json,units/p09_qr_code_gen_det/cpp/attempts/0001_seed_1592856389/evaluator.log
p09_qr_code_gen_det_cpp,p09_qr_code_gen_det,cpp,2,1143095723,True,8,False,evaluation,e45b9a7c66533f526b9dd5fbad1980d56e48f6e2a9e19381edc6ecf107c46fcc,a9386ca25780fedc7ba5c7635a3628f7610bf5c2f6c7666dc541485879fe7e8f,97fba466387512c2f6717285bbb40483f15ca8efedca06a3856d55559611202a,units/p09_qr_code_gen_det/cpp/attempts/0002_seed_1143095723/evidence.json,units/p09_qr_code_gen_det/cpp/attempts/0002_seed_1143095723/generation_report.json,units/p09_qr_code_gen_det/cpp/attempts/0002_seed_1143095723/evaluator.log
p09_qr_code_gen_det_cpp,p09_qr_code_gen_det,cpp,3,779839335,True,0,True,,e45b9a7c66533f526b9dd5fbad1980d56e48f6e2a9e19381edc6ecf107c46fcc,a9386ca25780fedc7ba5c7635a3628f7610bf5c2f6c7666dc541485879fe7e8f,589597ed8226a3e64100512ad90d46be4df5f303992d9823a45feea0570fe282,units/p09_qr_code_gen_det/cpp/attempts/0003_seed_779839335/evidence.json,units/p09_qr_code_gen_det/cpp/attempts/0003_seed_779839335/generation_report.json,units/p09_qr_code_gen_det/cpp/attempts/0003_seed_779839335/evaluator.log
p09_qr_code_gen_det_java,p09_qr_code_gen_det,java,1,3719859282,True,0,True,,49e3f2f3b934092fc1361464575fd7ab23559ff70bda598db86644cb239fc920,d86648d2a22937c9bf96217d2f7525afb794c37a250f789453638cbbcff79856,358b85bcec0198b5c80783ba1099410c66fc5a24fc5943a84e1e9f625b18793e,units/p09_qr_code_gen_det/java/attempts/0001_seed_3719859282/evidence.json,units/p09_qr_code_gen_det/java/attempts/0001_seed_3719859282/generation_report.json,units/p09_qr_code_gen_det/java/attempts/0001_seed_3719859282/evaluator.log
p09_qr_code_gen_det_python,p09_qr_code_gen_det,python,1,3206008263,True,0,True,,8a894c2f7908bfb64d4c6459637759a895541fcc8d2fa49a29a5c37d1dd80ec2,ef2379df39d6f128b850b142276929e509c2484ad88d0c433b28bb4dd00537bf,51699315415d9e2107bf746d63333d746a522adabe0720c67c0bf19674b788ae,units/p09_qr_code_gen_det/python/attempts/0001_seed_3206008263/evidence.json,units/p09_qr_code_gen_det/python/attempts/0001_seed_3206008263/generation_report.json,units/p09_qr_code_gen_det/python/attempts/0001_seed_3206008263/evaluator.log
p10_crud_system_cpp,p10_crud_system,cpp,1,252729447,True,0,True,,a6227045543c639189a87850281882afa83629637f2f74f48dff418627f61cda,4a6087b309b5452c27a8b145142274d7f3b006bd405ab04b2bae42336e5b3a20,1f0c3e0e2049533c4b59720a3ee02f917b0dfaf01ba69e6885658a0ec5b594f3,units/p10_crud_system/cpp/attempts/0001_seed_252729447/evidence.json,units/p10_crud_system/cpp/attempts/0001_seed_252729447/generation_report.json,units/p10_crud_system/cpp/attempts/0001_seed_252729447/evaluator.log
p10_crud_system_java,p10_crud_system,java,1,3479630733,True,0,True,,9bef45c1de998cdb31b61c312d416b98b97c5a2a95c5f3aa49a65eab42762003,2bb3efc23e129a9e2c76c4a6adc75c5c9861b9365f84bc30a4cb861fb7543f5e,214dfc33b57762d1819e95b7467ebf8ecd7f3267f9ff66f82d334aea1318b2ce,units/p10_crud_system/java/attempts/0001_seed_3479630733/evidence.json,units/p10_crud_system/java/attempts/0001_seed_3479630733/generation_report.json,units/p10_crud_system/java/attempts/0001_seed_3479630733/evaluator.log
p10_crud_system_python,p10_crud_system,python,1,1014069831,True,0,True,,ad3cf2956b5a629e646643466da4d71a6906947ac492c610e1276e1000d7de88,9be0e4ee67a772ec44a30bea9a466aea77c9a415c5eebf7c94665ab5720a1153,751d7a89b17551ccf4f93a75f2c71291db30b86d290ca7b5cb5294e31147fb65,units/p10_crud_system/python/attempts/0001_seed_1014069831/evidence.json,units/p10_crud_system/python/attempts/0001_seed_1014069831/generation_report.json,units/p10_crud_system/python/attempts/0001_seed_1014069831/evaluator.log
p11_custom_press_releases_cpp,p11_custom_press_releases,cpp,1,1221104095,True,0,True,,7477675543c8222b512b02a3fabad429a1856d9620cdc10af3de397cea4d444e,6f1a7f780f3814761685c975b1dcda9beb3e71534bd78e2a49a361fc5d956e80,d0fe7b4a29f86b214976b2a69dab9e3f86f662661e87d58fcfc7c5c479ce9d16,units/p11_custom_press_releases/cpp/attempts/0001_seed_1221104095/evidence.json,units/p11_custom_press_releases/cpp/attempts/0001_seed_1221104095/generation_report.json,units/p11_custom_press_releases/cpp/attempts/0001_seed_1221104095/evaluator.log
p11_custom_press_releases_java,p11_custom_press_releases,java,1,2810241787,True,0,True,,cbde9d424f9c118bb034209266d1e48c24bde1a1daaad08aa8cffe7986a22e13,f2d39106d9e53c327f1aae93095387267a72d8e693d247b4e0faf1b8ea29fcdd,78e0113b56f0fc8d93d677f2255b04e4b02e8c363e632c2c17fae49a5cf45f82,units/p11_custom_press_releases/java/attempts/0001_seed_2810241787/evidence.json,units/p11_custom_press_releases/java/attempts/0001_seed_2810241787/generation_report.json,units/p11_custom_press_releases/java/attempts/0001_seed_2810241787/evaluator.log
p11_custom_press_releases_python,p11_custom_press_releases,python,1,2037595148,True,0,True,,f67bc069acc08232a21476897a035b276f762ab6e664e520d25d4debc7c7ac7b,5926a5482cd07fbcd9e466e450a1e95777917b1b28e4edaf4eed6a224f622eda,a753fef06d7699b92596d2f840aecf9f2d30ece62c9b81df19577d15a75294c6,units/p11_custom_press_releases/python/attempts/0001_seed_2037595148/evidence.json,units/p11_custom_press_releases/python/attempts/0001_seed_2037595148/generation_report.json,units/p11_custom_press_releases/python/attempts/0001_seed_2037595148/evaluator.log
p12_video_player_cpp,p12_video_player,cpp,1,1700920662,True,0,True,,4f12f81f243a334dfecf9b89147d1c57e09d3ca18f6df9e370b495a350331a1a,d933d509969d471303e0b30edc616b2bcd9acc345e68e669cc84c6c7d7f55d72,9fb053bf3c83b7553b0eefdf5f834fccff6a1948393544095995c35c5d381259,units/p12_video_player/cpp/attempts/0001_seed_1700920662/evidence.json,units/p12_video_player/cpp/attempts/0001_seed_1700920662/generation_report.json,units/p12_video_player/cpp/attempts/0001_seed_1700920662/evaluator.log
p12_video_player_java,p12_video_player,java,1,400582985,True,0,True,,55a24988dadc1c0548f81eb53ef5082a36c4b2158dc668c56533c513abcfba20,073d1c4e5b76505aa1c3ee46dc2734e5712d9148b16a70f5cea2d69279f99f18,304392a710856315df6e7e9452aca23521376be5ced947294c8d3bb1c311e39c,units/p12_video_player/java/attempts/0001_seed_400582985/evidence.json,units/p12_video_player/java/attempts/0001_seed_400582985/generation_report.json,units/p12_video_player/java/attempts/0001_seed_400582985/evaluator.log
p12_video_player_python,p12_video_player,python,1,769100576,True,0,True,,5689fda1678c63d031d808493ff4ab224d6ef87f515fcfeca55df4cf7112d5bb,3bed2840b33f0d5854fc3b5ac45d9ac6981b66c72992557e17d797fb87c18166,ad651a7269f63f21d742d37d9cbc26b855c170417130ca2ce0e914463075339d,units/p12_video_player/python/attempts/0001_seed_769100576/evidence.json,units/p12_video_player/python/attempts/0001_seed_769100576/generation_report.json,units/p12_video_player/python/attempts/0001_seed_769100576/evaluator.log
p13_video_downloader_cpp,p13_video_downloader,cpp,1,2929423155,True,0,True,,0c3308c5aeee9258c55977229ef5b91bb5a3a7c9130d93444a59becd23faef67,92b49517974bd4546a5b870dda02671d3634413cb2fa3692aef609e626c31476,b9d39d7f2795d1c62df80ca104916429fc16b908d0340466e8949eb2fcb7fbbf,units/p13_video_downloader/cpp/attempts/0001_seed_2929423155/evidence.json,units/p13_video_downloader/cpp/attempts/0001_seed_2929423155/generation_report.json,units/p13_video_downloader/cpp/attempts/0001_seed_2929423155/evaluator.log
p13_video_downloader_java,p13_video_downloader,java,1,2020452492,True,0,True,,a1cc46f1bed3edcf7b1c191c98cc1e1827bebbeccfa6a9e04418faff60eaba09,c66e3cf59aaf70cceef7092073a92cccb4904c69d489dbc64d3882b199ed916f,ff58a64285852a34ea235196ae122c316553d1ecddc1835a39394ad742a1833a,units/p13_video_downloader/java/attempts/0001_seed_2020452492/evidence.json,units/p13_video_downloader/java/attempts/0001_seed_2020452492/generation_report.json,units/p13_video_downloader/java/attempts/0001_seed_2020452492/evaluator.log
p13_video_downloader_python,p13_video_downloader,python,1,648155340,True,1,False,evaluation,83470ec0963573472d5b4d87fbfa6614e29466a9a4e7fb10ab31cbc86f357dbc,d4df2bd8474f2b79674e7e963e8ea20b078b3816051193e47472146e8e7d38a0,330ddc1a340a5d89dc9ce0106101acf31d85ca4a4593ba285c732a2dd7cb8c08,units/p13_video_downloader/python/attempts/0001_seed_648155340/evidence.json,units/p13_video_downloader/python/attempts/0001_seed_648155340/generation_report.json,units/p13_video_downloader/python/attempts/0001_seed_648155340/evaluator.log
p13_video_downloader_python,p13_video_downloader,python,2,2127154919,True,2,False,evaluation,83470ec0963573472d5b4d87fbfa6614e29466a9a4e7fb10ab31cbc86f357dbc,d4df2bd8474f2b79674e7e963e8ea20b078b3816051193e47472146e8e7d38a0,936e6396b9238079c0e39b63b0cda5fca359e3aee1da6cd6ac8151b43d9ab56d,units/p13_video_downloader/python/attempts/0002_seed_2127154919/evidence.json,units/p13_video_downloader/python/attempts/0002_seed_2127154919/generation_report.json,units/p13_video_downloader/python/attempts/0002_seed_2127154919/evaluator.log
p13_video_downloader_python,p13_video_downloader,python,3,1235365061,True,1,False,evaluation,83470ec0963573472d5b4d87fbfa6614e29466a9a4e7fb10ab31cbc86f357dbc,d4df2bd8474f2b79674e7e963e8ea20b078b3816051193e47472146e8e7d38a0,4f93b93863e2d4974a3abe955c9693e0bc0f125ed52dfff9bfcb2600f82fd717,units/p13_video_downloader/python/attempts/0003_seed_1235365061/evidence.json,units/p13_video_downloader/python/attempts/0003_seed_1235365061/generation_report.json,units/p13_video_downloader/python/attempts/0003_seed_1235365061/evaluator.log
p13_video_downloader_python,p13_video_downloader,python,4,2099698394,True,2,False,evaluation,83470ec0963573472d5b4d87fbfa6614e29466a9a4e7fb10ab31cbc86f357dbc,d4df2bd8474f2b79674e7e963e8ea20b078b3816051193e47472146e8e7d38a0,1ec70e78cd554251cfee9d10ffd1bca77086f49447558977c8a06b3e4210cb5c,units/p13_video_downloader/python/attempts/0004_seed_2099698394/evidence.json,units/p13_video_downloader/python/attempts/0004_seed_2099698394/generation_report.json,units/p13_video_downloader/python/attempts/0004_seed_2099698394/evaluator.log
p13_video_downloader_python,p13_video_downloader,python,5,1447012733,True,2,False,evaluation,83470ec0963573472d5b4d87fbfa6614e29466a9a4e7fb10ab31cbc86f357dbc,d4df2bd8474f2b79674e7e963e8ea20b078b3816051193e47472146e8e7d38a0,d169faa3292575bf956b22f0ddf97b64a4c404845431a5d70dfa761c3b7c6e70,units/p13_video_downloader/python/attempts/0005_seed_1447012733/evidence.json,units/p13_video_downloader/python/attempts/0005_seed_1447012733/generation_report.json,units/p13_video_downloader/python/attempts/0005_seed_1447012733/evaluator.log
p13_video_downloader_python,p13_video_downloader,python,6,3217077734,True,2,False,evaluation,83470ec0963573472d5b4d87fbfa6614e29466a9a4e7fb10ab31cbc86f357dbc,d4df2bd8474f2b79674e7e963e8ea20b078b3816051193e47472146e8e7d38a0,2b93055701f595356a6c96fa8fc9706cee1fb697aaf76401446824fe626fe52d,units/p13_video_downloader/python/attempts/0006_seed_3217077734/evidence.json,units/p13_video_downloader/python/attempts/0006_seed_3217077734/generation_report.json,units/p13_video_downloader/python/attempts/0006_seed_3217077734/evaluator.log
p13_video_downloader_python,p13_video_downloader,python,7,509287116,True,2,False,evaluation,83470ec0963573472d5b4d87fbfa6614e29466a9a4e7fb10ab31cbc86f357dbc,d4df2bd8474f2b79674e7e963e8ea20b078b3816051193e47472146e8e7d38a0,e9ed85e2cce2c0b73073469f5ed07cb9416ed2600b46ad5356175fff00133346,units/p13_video_downloader/python/attempts/0007_seed_509287116/evidence.json,units/p13_video_downloader/python/attempts/0007_seed_509287116/generation_report.json,units/p13_video_downloader/python/attempts/0007_seed_509287116/evaluator.log
p13_video_downloader_python,p13_video_downloader,python,8,3013255280,True,2,False,evaluation,83470ec0963573472d5b4d87fbfa6614e29466a9a4e7fb10ab31cbc86f357dbc,d4df2bd8474f2b79674e7e963e8ea20b078b3816051193e47472146e8e7d38a0,cf83b5e215877604dff0cb0963c64cfe11e1456a1aaf0a70be44e5243f01118e,units/p13_video_downloader/python/attempts/0008_seed_3013255280/evidence.json,units/p13_video_downloader/python/attempts/0008_seed_3013255280/generation_report.json,units/p13_video_downloader/python/attempts/0008_seed_3013255280/evaluator.log
p13_video_downloader_python,p13_video_downloader,python,9,4132549894,True,2,False,evaluation,83470ec0963573472d5b4d87fbfa6614e29466a9a4e7fb10ab31cbc86f357dbc,d4df2bd8474f2b79674e7e963e8ea20b078b3816051193e47472146e8e7d38a0,fe4e7da1e9a7acf3005250378abac716d802cc186e05a8383037657acc5ee619,units/p13_video_downloader/python/attempts/0009_seed_4132549894/evidence.json,units/p13_video_downloader/python/attempts/0009_seed_4132549894/generation_report.json,units/p13_video_downloader/python/attempts/0009_seed_4132549894/evaluator.log
p13_video_downloader_python,p13_video_downloader,python,10,826734193,True,1,False,evaluation,83470ec0963573472d5b4d87fbfa6614e29466a9a4e7fb10ab31cbc86f357dbc,d4df2bd8474f2b79674e7e963e8ea20b078b3816051193e47472146e8e7d38a0,d54a6ac4f3af740f7631f1d140e1a793fcba875032fcc46d389107a3426a8c85,units/p13_video_downloader/python/attempts/0010_seed_826734193/evidence.json,units/p13_video_downloader/python/attempts/0010_seed_826734193/generation_report.json,units/p13_video_downloader/python/attempts/0010_seed_826734193/evaluator.log
p13_video_downloader_python,p13_video_downloader,python,11,640698011,True,1,False,evaluation,83470ec0963573472d5b4d87fbfa6614e29466a9a4e7fb10ab31cbc86f357dbc,d4df2bd8474f2b79674e7e963e8ea20b078b3816051193e47472146e8e7d38a0,958488bc2e2e85c26eb29df5f04f5eac13268788c0daeef611a1989c534b8cdb,units/p13_video_downloader/python/attempts/0011_seed_640698011/evidence.json,units/p13_video_downloader/python/attempts/0011_seed_640698011/generation_report.json,units/p13_video_downloader/python/attempts/0011_seed_640698011/evaluator.log
p13_video_downloader_python,p13_video_downloader,python,12,872520481,True,0,True,,83470ec0963573472d5b4d87fbfa6614e29466a9a4e7fb10ab31cbc86f357dbc,d4df2bd8474f2b79674e7e963e8ea20b078b3816051193e47472146e8e7d38a0,79264d4b05eb1cd774d810c2fc8c66f3785d182e40aac13e7e7e168c932f5cf4,units/p13_video_downloader/python/attempts/0012_seed_872520481/evidence.json,units/p13_video_downloader/python/attempts/0012_seed_872520481/generation_report.json,units/p13_video_downloader/python/attempts/0012_seed_872520481/evaluator.log
p14_todo_list_app_cpp,p14_todo_list_app,cpp,1,3861770267,True,0,True,,548032ccdd5e62f7eef36843eb8b953472418a862cdd5bab39b62d17b66eb4a6,712f081e8d4d79566155cb39301a0c5f227c2ab6c54d25cd6f8085ea23fc277a,ccd7b79cbd092641ac97c4172feb645ea42f2636d2c858b2b2077e93af60aa58,units/p14_todo_list_app/cpp/attempts/0001_seed_3861770267/evidence.json,units/p14_todo_list_app/cpp/attempts/0001_seed_3861770267/generation_report.json,units/p14_todo_list_app/cpp/attempts/0001_seed_3861770267/evaluator.log
p14_todo_list_app_java,p14_todo_list_app,java,1,461912478,True,0,True,,7c75dd9c4c0fc17e4e6a40d9602283826a79cfb9a3119306db7cd75fe350fcc3,c0fc3be48e3b2cd7459bed7657e25286931cacf0e4427eec015325178e64bdb7,017cd325b611f3b283a9302cb136bf405e9f8c4044002324ad5c659cb700c75d,units/p14_todo_list_app/java/attempts/0001_seed_461912478/evidence.json,units/p14_todo_list_app/java/attempts/0001_seed_461912478/generation_report.json,units/p14_todo_list_app/java/attempts/0001_seed_461912478/evaluator.log
p14_todo_list_app_python,p14_todo_list_app,python,1,4207199519,True,0,True,,da4a37654887038ce7dc3fc4b83f333bfff1d56348a47628b99f2956a8136b40,9bbba450b32b0bf0b72c7445559de5e4701b1ea091d54db2ac7e85e36a64d156,42830e86e4f570f6ffda3978abd2db3be91da5e0728bd8fc2ea79ed5cdb63c54,units/p14_todo_list_app/python/attempts/0001_seed_4207199519/evidence.json,units/p14_todo_list_app/python/attempts/0001_seed_4207199519/generation_report.json,units/p14_todo_list_app/python/attempts/0001_seed_4207199519/evaluator.log
