unit_id,project,language,replay,rng_seed,generation_complete,evaluator_return_code,passed,content_identical_to_accepted,accepted_repository_tree_sha256,replay_repository_tree_sha256,evidence_path,generation_report_path,evaluator_log_path,repository_path
p01_snake_game_cpp,p01_snake_game,cpp,1,666643921,True,0,True,True,35102df7bf0d0263f4079d7ced3caf238a9685788b7f85d1742879e0136061ea,35102df7bf0d0263f4079d7ced3caf238a9685788b7f85d1742879e0136061ea,units/p01_snake_game/cpp/replays/0001_seed_666643921/evidence.json,units/p01_snake_game/cpp/replays/0001_seed_666643921/generation_report.json,units/p01_snake_game/cpp/replays/0001_seed_666643921/evaluator.log,units/p01_snake_game/cpp/replays/0001_seed_666643921/repository
p01_snake_game_java,p01_snake_game,java,1,1082638472,True,0,True,True,489b8bc56e580ef8ef3e618a30a27efaa120a6ab10e90b56a9294e5e9e66aac0,489b8bc56e580ef8ef3e618a30a27efaa120a6ab10e90b56a9294e5e9e66aac0,units/p01_snake_game/java/replays/0001_seed_1082638472/evidence.json,units/p01_snake_game/java/replays/0001_seed_1082638472/generation_report.json,units/p01_snake_game/java/replays/0001_seed_1082638472/evaluator.log,units/p01_snake_game/java/replays/0001_seed_1082638472/repository
p01_snake_game_python,p01_snake_game,python,1,3736547328,True,0,True,True,8ce7f443b58d4e22acae98cf115e877be069600932949cb00ce6126baae947f2,8ce7f443b58d4e22acae98cf115e877be069600932949cb00ce6126baae947f2,units/p01_snake_game/python/replays/0001_seed_3736547328/evidence.json,units/p01_snake_game/python/replays/0001_seed_3736547328/generation_report.json,units/p01_snake_game/python/replays/0001_seed_3736547328/evaluator.log,units/p01_snake_game/python/replays/0001_seed_3736547328/repository
p02_flappy_bird_game_cpp,p02_flappy_bird_game,cpp,1,1192725353,True,0,True,True,e35ac1d9cf6d5ce4d7aa4a5ff1dbd69ba89a2671ce8f112ec0d53509f3362666,e35ac1d9cf6d5ce4d7aa4a5ff1dbd69ba89a2671ce8f112ec0d53509f3362666,units/p02_flappy_bird_game/cpp/replays/0001_seed_1192725353/evidence.json,units/p02_flappy_bird_game/cpp/replays/0001_seed_1192725353/generation_report.json,units/p02_flappy_bird_game/cpp/replays/0001_seed_1192725353/evaluator.log,units/p02_flappy_bird_game/cpp/replays/0001_seed_1192725353/repository
p02_flappy_bird_game_java,p02_flappy_bird_game,java,1,2540127563,True,0,True,True,5ebf0bd9abe406aec04f715b18861d18d34c7fd5f37bf1a0d0b540d9d7825dee,5ebf0bd9abe406aec04f715b18861d18d34c7fd5f37bf1a0d0b540d9d7825dee,units/p02_flappy_bird_game/java/replays/0001_seed_2540127563/evidence.json,units/p02_flappy_bird_game/java/replays/0001_seed_2540127563/generation_report.json,units/p02_flappy_bird_game/java/replays/0001_seed_2540127563/evaluator.log,units/p02_flappy_bird_game/java/replays/0001_seed_2540127563/repository
p02_flappy_bird_game_python,p02_flappy_bird_game,python,1,1298988375,True,0,True,True,12ef0464c31ff38d596ade645f1752b68ab86703b2602b51318f7bbe3e86e78d,12ef0464c31ff38d596ade645f1752b68ab86703b2602b51318f7bbe3e86e78d,units/p02_flappy_bird_game/python/replays/0001_seed_1298988375/evidence.json,units/p02_flappy_bird_game/python/replays/0001_seed_1298988375/generation_report.json,units/p02_flappy_bird_game/python/replays/0001_seed_1298988375/evaluator.log,units/p02_flappy_bird_game/python/replays/0001_seed_1298988375/repository
p03_game_2048_cpp,p03_game_2048,cpp,1,1673168053,True,0,True,True,7e74c4eacdbe7fd8a30a89cb3c8782b16117ba4ff2132aa458b9174f791468b5,7e74c4eacdbe7fd8a30a89cb3c8782b16117ba4ff2132aa458b9174f791468b5,units/p03_game_2048/cpp/replays/0001_seed_1673168053/evidence.json,units/p03_game_2048/cpp/replays/0001_seed_1673168053/generation_report.json,units/p03_game_2048/cpp/replays/0001_seed_1673168053/evaluator.log,units/p03_game_2048/cpp/replays/0001_seed_1673168053/repository
p03_game_2048_java,p03_game_2048,java,1,887850646,True,0,True,True,8039ee8715f0a75831a03f39f79680d3b18da505cdfcc0228af3698a5998ed76,8039ee8715f0a75831a03f39f79680d3b18da505cdfcc0228af3698a5998ed76,units/p03_game_2048/java/replays/0001_seed_887850646/evidence.json,units/p03_game_2048/java/replays/0001_seed_887850646/generation_report.json,units/p03_game_2048/java/replays/0001_seed_887850646/evaluator.log,units/p03_game_2048/java/replays/0001_seed_887850646/repository
p03_game_2048_python,p03_game_2048,python,1,100489887,True,0,True,True,bbffa20a26a8edda6016f18736649edf5ac35cbf2aee15f4187cf35164594f8d,bbffa20a26a8edda6016f18736649edf5ac35cbf2aee15f4187cf35164594f8d,units/p03_game_2048/python/replays/0001_seed_100489887/evidence.json,units/p03_game_2048/python/replays/0001_seed_100489887/generation_report.json,units/p03_game_2048/python/replays/0001_seed_100489887/evaluator.log,units/p03_game_2048/python/replays/0001_seed_100489887/repository
p04_caro_game_cpp,p04_caro_game,cpp,1,1922813371,True,0,True,True,bc2d07912f185a5dedb8b431a916ed059a1e19091dce4e37bf99149465a98380,bc2d07912f185a5dedb8b431a916ed059a1e19091dce4e37bf99149465a98380,units/p04_caro_game/cpp/replays/0001_seed_1922813371/evidence.json,units/p04_caro_game/cpp/replays/0001_seed_1922813371/generation_report.json,units/p04_caro_game/cpp/replays/0001_seed_1922813371/evaluator.log,units/p04_caro_game/cpp/replays/0001_seed_1922813371/repository
p04_caro_game_java,p04_caro_game,java,1,3365300451,True,0,True,True,ef5bdd54c2ac79257d251740a897f691b4617e2c6614309f628a9011aebdbcff,ef5bdd54c2ac79257d251740a897f691b4617e2c6614309f628a9011aebdbcff,units/p04_caro_game/java/replays/0001_seed_3365300451/evidence.json,units/p04_caro_game/java/replays/0001_seed_3365300451/generation_report.json,units/p04_caro_game/java/replays/0001_seed_3365300451/evaluator.log,units/p04_caro_game/java/replays/0001_seed_3365300451/repository
p04_caro_game_python,p04_caro_game,python,1,812711061,True,0,True,True,3e8469ca925c93fc71f38fdb09df72f9ac8d56882437dd585585e9da2bea336d,3e8469ca925c93fc71f38fdb09df72f9ac8d56882437dd585585e9da2bea336d,units/p04_caro_game/python/replays/0001_seed_812711061/evidence.json,units/p04_caro_game/python/replays/0001_seed_812711061/generation_report.json,units/p04_caro_game/python/replays/0001_seed_812711061/evaluator.log,units/p04_caro_game/python/replays/0001_seed_812711061/repository
p05_brick_breaker_game_cpp,p05_brick_breaker_game,cpp,1,1300987923,True,0,True,True,f35231bc65882a6f9590c139e55b1d83fb78d7d70fe5f3a746796f6f1cf864b8,f35231bc65882a6f9590c139e55b1d83fb78d7d70fe5f3a746796f6f1cf864b8,units/p05_brick_breaker_game/cpp/replays/0001_seed_1300987923/evidence.json,units/p05_brick_breaker_game/cpp/replays/0001_seed_1300987923/generation_report.json,units/p05_brick_breaker_game/cpp/replays/0001_seed_1300987923/evaluator.log,units/p05_brick_breaker_game/cpp/replays/0001_seed_1300987923/repository
p05_brick_breaker_game_java,p05_brick_breaker_game,java,1,2697919693,True,0,True,True,eecb2a541b35b9b12e5df069b3d081fda0e482f893df8d76b9a219101173f1d3,eecb2a541b35b9b12e5df069b3d081fda0e482f893df8d76b9a219101173f1d3,units/p05_brick_breaker_game/java/replays/0001_seed_2697919693/evidence.json,units/p05_brick_breaker_game/java/replays/0001_seed_2697919693/generation_report.json,units/p05_brick_breaker_game/java/replays/0001_seed_2697919693/evaluator.log,units/p05_brick_breaker_game/java/replays/0001_seed_2697919693/repository
p05_brick_breaker_game_python,p05_brick_breaker_game,python,1,432197098,True,0,True,True,3471219da70c372c6918e6712921c49c61dd70fdf4987fd4250e82a14eb940df,3471219da70c372c6918e6712921c49c61dd70fdf4987fd4250e82a14eb940df,units/p05_brick_breaker_game/python/replays/0001_seed_432197098/evidence.json,units/p05_brick_breaker_game/python/replays/0001_seed_432197098/generation_report.json,units/p05_brick_breaker_game/python/replays/0001_seed_432197098/evaluator.log,units/p05_brick_breaker_game/python/replays/0001_seed_432197098/repository
p06_tank_battle_game_cpp,p06_tank_battle_game,cpp,1,1423652811,True,0,True,True,22df3b3410b55cdfd0ce1f4eb1c05bc3ec8d881ed964f4cf7cfdf89850301995,22df3b3410b55cdfd0ce1f4eb1c05bc3ec8d881ed964f4cf7cfdf89850301995,units/p06_tank_battle_game/cpp/replays/0001_seed_1423652811/evidence.json,units/p06_tank_battle_game/cpp/replays/0001_seed_1423652811/generation_report.json,units/p06_tank_battle_game/cpp/replays/0001_seed_1423652811/evaluator.log,units/p06_tank_battle_game/cpp/replays/0001_seed_1423652811/repository
p06_tank_battle_game_java,p06_tank_battle_game,java,1,573870900,True,0,True,True,199d396717305eb492048a10d67389077232c4dbdbc619bc67ea839c654f0d6a,199d396717305eb492048a10d67389077232c4dbdbc619bc67ea839c654f0d6a,units/p06_tank_battle_game/java/replays/0001_seed_573870900/evidence.json,units/p06_tank_battle_game/java/replays/0001_seed_573870900/generation_report.json,units/p06_tank_battle_game/java/replays/0001_seed_573870900/evaluator.log,units/p06_tank_battle_game/java/replays/0001_seed_573870900/repository
p06_tank_battle_game_python,p06_tank_battle_game,python,1,2408978515,True,0,True,True,e16593bf47205d61bbae3047df50beda3a049465c8d8f570ae0a885786604cf1,e16593bf47205d61bbae3047df50beda3a049465c8d8f570ae0a885786604cf1,units/p06_tank_battle_game/python/replays/0001_seed_2408978515/evidence.json,units/p06_tank_battle_game/python/replays/0001_seed_2408978515/generation_report.json,units/p06_tank_battle_game/python/replays/0001_seed_2408978515/evaluator.log,units/p06_tank_battle_game/python/replays/0001_seed_2408978515/repository
p07_calculator_cpp,p07_calculator,cpp,1,3978176900,True,0,True,True,a571f97c0b54eec843ada9cad74e1705f51451680c716fd0841fd8455045b592,a571f97c0b54eec843ada9cad74e1705f51451680c716fd0841fd8455045b592,units/p07_calculator/cpp/replays/0001_seed_3978176900/evidence.json,units/p07_calculator/cpp/replays/0001_seed_3978176900/generation_report.json,units/p07_calculator/cpp/replays/0001_seed_3978176900/evaluator.log,units/p07_calculator/cpp/replays/0001_seed_3978176900/repository
p07_calculator_java,p07_calculator,java,1,1570566783,True,0,True,True,ba11834e7c992028e30c90cc9f9737bda9575ea7fbae96e84b946f82e65a4e4b,ba11834e7c992028e30c90cc9f9737bda9575ea7fbae96e84b946f82e65a4e4b,units/p07_calculator/java/replays/0001_seed_1570566783/evidence.json,units/p07_calculator/java/replays/0001_seed_1570566783/generation_report.json,units/p07_calculator/java/replays/0001_seed_1570566783/evaluator.log,units/p07_calculator/java/replays/0001_seed_1570566783/repository
p07_calculator_python,p07_calculator,python,1,2109135578,True,0,True,True,02838137aa05d4b3bbcd454884191d84a8bc723c92f36bcd3cebaf6c598e036b,02838137aa05d4b3bbcd454884191d84a8bc723c92f36bcd3cebaf6c598e036b,units/p07_calculator/python/replays/0001_seed_2109135578/evidence.json,units/p07_calculator/python/replays/0001_seed_2109135578/generation_report.json,units/p07_calculator/python/replays/0001_seed_2109135578/evaluator.log,units/p07_calculator/python/replays/0001_seed_2109135578/repository
p08_excel_data_processing_cpp,p08_excel_data_processing,cpp,1,3698866069,True,0,True,True,f549c2fa932677668de0d3955a41eea0911691b643ff69e6552c3697af367ea4,f549c2fa932677668de0d3955a41eea0911691b643ff69e6552c3697af367ea4,units/p08_excel_data_processing/cpp/replays/0001_seed_3698866069/evidence.json,units/p08_excel_data_processing/cpp/replays/0001_seed_3698866069/generation_report.json,units/p08_excel_data_processing/cpp/replays/0001_seed_3698866069/evaluator.log,units/p08_excel_data_processing/cpp/replays/0001_seed_3698866069/repository
p08_excel_data_processing_java,p08_excel_data_processing,java,1,290543147,True,0,True,True,ec7f11f93655c9c2db53994566010208678669ba91dd501edacc818d4de171ab,ec7f11f93655c9c2db53994566010208678669ba91dd501edacc818d4de171ab,units/p08_excel_data_processing/java/replays/0001_seed_290543147/evidence.json,units/p08_excel_data_processing/java/replays/0001_seed_290543147/generation_report.json,units/p08_excel_data_processing/java/replays/0001_seed_290543147/evaluator.log,units/p08_excel_data_processing/java/replays/0001_seed_290543147/repository
p08_excel_data_processing_python,p08_excel_data_processing,python,1,306770503,True,0,True,True,02190e73e5d915b5ff92d3a6d972128a2ed0b2a3271928bb18ef6a3c284c7526,02190e73e5d915b5ff92d3a6d972128a2ed0b2a3271928bb18ef6a3c284c7526,units/p08_excel_data_processing/python/replays/0001_seed_306770503/evidence.json,units/p08_excel_data_processing/python/replays/0001_seed_306770503/generation_report.json,units/p08_excel_data_processing/python/replays/0001_seed_306770503/evaluator.log,units/p08_excel_data_processing/python/replays/0001_seed_306770503/repository
p09_qr_code_gen_det_cpp,p09_qr_code_gen_det,cpp,1,779839335,True,0,True,True,26177037d368df03c1dc9921aeb222caf09512b245b92cffe0279f84f031c47f,26177037d368df03c1dc9921aeb222caf09512b245b92cffe0279f84f031c47f,units/p09_qr_code_gen_det/cpp/replays/0001_seed_779839335/evidence.json,units/p09_qr_code_gen_det/cpp/replays/0001_seed_779839335/generation_report.json,units/p09_qr_code_gen_det/cpp/replays/0001_seed_779839335/evaluator.log,units/p09_qr_code_gen_det/cpp/replays/0001_seed_779839335/repository
p09_qr_code_gen_det_java,p09_qr_code_gen_det,java,1,3719859282,True,0,True,True,a17171e33bd4f92107f8f954d2d6f3a7221c1bd86efe0331c1ffa6dc9c33144e,a17171e33bd4f92107f8f954d2d6f3a7221c1bd86efe0331c1ffa6dc9c33144e,units/p09_qr_code_gen_det/java/replays/0001_seed_3719859282/evidence.json,units/p09_qr_code_gen_det/java/replays/0001_seed_3719859282/generation_report.json,units/p09_qr_code_gen_det/java/replays/0001_seed_3719859282/evaluator.log,units/p09_qr_code_gen_det/java/replays/0001_seed_3719859282/repository
p09_qr_code_gen_det_python,p09_qr_code_gen_det,python,1,3206008263,True,0,True,True,f44bcad99d14a21d5e59fa5d654a08339a7fc64c316d23ab70738714fd183df7,f44bcad99d14a21d5e59fa5d654a08339a7fc64c316d23ab70738714fd183df7,units/p09_qr_code_gen_det/python/replays/0001_seed_3206008263/evidence.json,units/p09_qr_code_gen_det/python/replays/0001_seed_3206008263/generation_report.json,units/p09_qr_code_gen_det/python/replays/0001_seed_3206008263/evaluator.log,units/p09_qr_code_gen_det/python/replays/0001_seed_3206008263/repository
p10_crud_system_cpp,p10_crud_system,cpp,1,252729447,True,0,True,True,2e9694bad4af240c080784aed00251accd79fad5c8adf48058dc44527f8d2fdc,2e9694bad4af240c080784aed00251accd79fad5c8adf48058dc44527f8d2fdc,units/p10_crud_system/cpp/replays/0001_seed_252729447/evidence.json,units/p10_crud_system/cpp/replays/0001_seed_252729447/generation_report.json,units/p10_crud_system/cpp/replays/0001_seed_252729447/evaluator.log,units/p10_crud_system/cpp/replays/0001_seed_252729447/repository
p10_crud_system_java,p10_crud_system,java,1,3479630733,True,0,True,True,dd307d38189762dc5148323620a7ff357bf0eacdaaf387282f4a76755fc83499,dd307d38189762dc5148323620a7ff357bf0eacdaaf387282f4a76755fc83499,units/p10_crud_system/java/replays/0001_seed_3479630733/evidence.json,units/p10_crud_system/java/replays/0001_seed_3479630733/generation_report.json,units/p10_crud_system/java/replays/0001_seed_3479630733/evaluator.log,units/p10_crud_system/java/replays/0001_seed_3479630733/repository
p10_crud_system_python,p10_crud_system,python,1,1014069831,True,0,True,True,2720cec94671a817b5e818ed83ac9d9df0dee663dc0c6b2d5ff1973633648ec1,2720cec94671a817b5e818ed83ac9d9df0dee663dc0c6b2d5ff1973633648ec1,units/p10_crud_system/python/replays/0001_seed_1014069831/evidence.json,units/p10_crud_system/python/replays/0001_seed_1014069831/generation_report.json,units/p10_crud_system/python/replays/0001_seed_1014069831/evaluator.log,units/p10_crud_system/python/replays/0001_seed_1014069831/repository
p11_custom_press_releases_cpp,p11_custom_press_releases,cpp,1,1221104095,True,0,True,True,519442f780ff3742e3fa37d686b4536501a4894fcfb4543036e4c6512b2f1c0a,519442f780ff3742e3fa37d686b4536501a4894fcfb4543036e4c6512b2f1c0a,units/p11_custom_press_releases/cpp/replays/0001_seed_1221104095/evidence.json,units/p11_custom_press_releases/cpp/replays/0001_seed_1221104095/generation_report.json,units/p11_custom_press_releases/cpp/replays/0001_seed_1221104095/evaluator.log,units/p11_custom_press_releases/cpp/replays/0001_seed_1221104095/repository
p11_custom_press_releases_java,p11_custom_press_releases,java,1,2810241787,True,0,True,True,d5ba102fb88913da474632c4532b08424495759545bfccd4409839e74c927fac,d5ba102fb88913da474632c4532b08424495759545bfccd4409839e74c927fac,units/p11_custom_press_releases/java/replays/0001_seed_2810241787/evidence.json,units/p11_custom_press_releases/java/replays/0001_seed_2810241787/generation_report.json,units/p11_custom_press_releases/java/replays/0001_seed_2810241787/evaluator.log,units/p11_custom_press_releases/java/replays/0001_seed_2810241787/repository
p11_custom_press_releases_python,p11_custom_press_releases,python,1,2037595148,True,0,True,True,b7c58d8acb206fed75e01f3020e0d1d2f5062087b2692cf57f40560977abc89f,b7c58d8acb206fed75e01f3020e0d1d2f5062087b2692cf57f40560977abc89f,units/p11_custom_press_releases/python/replays/0001_seed_2037595148/evidence.json,units/p11_custom_press_releases/python/replays/0001_seed_2037595148/generation_report.json,units/p11_custom_press_releases/python/replays/0001_seed_2037595148/evaluator.log,units/p11_custom_press_releases/python/replays/0001_seed_2037595148/repository
p12_video_player_cpp,p12_video_player,cpp,1,1700920662,True,0,True,True,f7d4b6a1296dc89f3c2091ecede451ce2bfc6521aaba269884ebdd3f9dfd993b,f7d4b6a1296dc89f3c2091ecede451ce2bfc6521aaba269884ebdd3f9dfd993b,units/p12_video_player/cpp/replays/0001_seed_1700920662/evidence.json,units/p12_video_player/cpp/replays/0001_seed_1700920662/generation_report.json,units/p12_video_player/cpp/replays/0001_seed_1700920662/evaluator.log,units/p12_video_player/cpp/replays/0001_seed_1700920662/repository
p12_video_player_java,p12_video_player,java,1,400582985,True,0,True,True,d24796e73716d68d6dc16745b246a6e87c5cdd8db149d84bf8352c23ca6f6a7c,d24796e73716d68d6dc16745b246a6e87c5cdd8db149d84bf8352c23ca6f6a7c,units/p12_video_player/java/replays/0001_seed_400582985/evidence.json,units/p12_video_player/java/replays/0001_seed_400582985/generation_report.json,units/p12_video_player/java/replays/0001_seed_400582985/evaluator.log,units/p12_video_player/java/replays/0001_seed_400582985/repository
p12_video_player_python,p12_video_player,python,1,769100576,True,0,True,True,7fd3f2fc46a139c2ad8e52ab13797a1e99518758bb5925f1202224bca1aba0a4,7fd3f2fc46a139c2ad8e52ab13797a1e99518758bb5925f1202224bca1aba0a4,units/p12_video_player/python/replays/0001_seed_769100576/evidence.json,units/p12_video_player/python/replays/0001_seed_769100576/generation_report.json,units/p12_video_player/python/replays/0001_seed_769100576/evaluator.log,units/p12_video_player/python/replays/0001_seed_769100576/repository
p13_video_downloader_cpp,p13_video_downloader,cpp,1,2929423155,True,0,True,True,68d4a5e9d3694f237851bad0798e85272e101f9fe23959d07788137628d7d6dc,68d4a5e9d3694f237851bad0798e85272e101f9fe23959d07788137628d7d6dc,units/p13_video_downloader/cpp/replays/0001_seed_2929423155/evidence.json,units/p13_video_downloader/cpp/replays/0001_seed_2929423155/generation_report.json,units/p13_video_downloader/cpp/replays/0001_seed_2929423155/evaluator.log,units/p13_video_downloader/cpp/replays/0001_seed_2929423155/repository
p13_video_downloader_java,p13_video_downloader,java,1,2020452492,True,0,True,True,481cb409e06f670bd969de1383ac37276501959e90d730e6b7a4dbfe66d47c34,481cb409e06f670bd969de1383ac37276501959e90d730e6b7a4dbfe66d47c34,units/p13_video_downloader/java/replays/0001_seed_2020452492/evidence.json,units/p13_video_downloader/java/replays/0001_seed_2020452492/generation_report.json,units/p13_video_downloader/java/replays/0001_seed_2020452492/evaluator.log,units/p13_video_downloader/java/replays/0001_seed_2020452492/repository
p13_video_downloader_python,p13_video_downloader,python,1,872520481,True,0,True,True,baab6e989ba0f5748153e0dde0ff8af3bcd0cbeb0b9137e454653c5b91bc23d5,baab6e989ba0f5748153e0dde0ff8af3bcd0cbeb0b9137e454653c5b91bc23d5,units/p13_video_downloader/python/replays/0001_seed_872520481/evidence.json,units/p13_video_downloader/python/replays/0001_seed_872520481/generation_report.json,units/p13_video_downloader/python/replays/0001_seed_872520481/evaluator.log,units/p13_video_downloader/python/replays/0001_seed_872520481/repository
p14_todo_list_app_cpp,p14_todo_list_app,cpp,1,3861770267,True,0,True,True,7cba979fa7272c42bb024d2fd85b3b84d0191ca6eb21d0210ded8c54bfba04ee,7cba979fa7272c42bb024d2fd85b3b84d0191ca6eb21d0210ded8c54bfba04ee,units/p14_todo_list_app/cpp/replays/0001_seed_3861770267/evidence.json,units/p14_todo_list_app/cpp/replays/0001_seed_3861770267/generation_report.json,units/p14_todo_list_app/cpp/replays/0001_seed_3861770267/evaluator.log,units/p14_todo_list_app/cpp/replays/0001_seed_3861770267/repository
p14_todo_list_app_java,p14_todo_list_app,java,1,461912478,True,0,True,True,296a4303040ca2979912bcf51eb5131f6ab23484b8fb18f156461fbe9897dad2,296a4303040ca2979912bcf51eb5131f6ab23484b8fb18f156461fbe9897dad2,units/p14_todo_list_app/java/replays/0001_seed_461912478/evidence.json,units/p14_todo_list_app/java/replays/0001_seed_461912478/generation_report.json,units/p14_todo_list_app/java/replays/0001_seed_461912478/evaluator.log,units/p14_todo_list_app/java/replays/0001_seed_461912478/repository
p14_todo_list_app_python,p14_todo_list_app,python,1,4207199519,True,0,True,True,9dc60b01b214681d8c85635cf28e5b54f130b8b693427245213ba32d1f012755,9dc60b01b214681d8c85635cf28e5b54f130b8b693427245213ba32d1f012755,units/p14_todo_list_app/python/replays/0001_seed_4207199519/evidence.json,units/p14_todo_list_app/python/replays/0001_seed_4207199519/generation_report.json,units/p14_todo_list_app/python/replays/0001_seed_4207199519/evaluator.log,units/p14_todo_list_app/python/replays/0001_seed_4207199519/repository
